Previous Block Hash,Proof
0xfd76442375522e3f472248c08b4da7530ac020333a20e6bf2aad587dd9b6ae71,0x41e07e0761249994
0x38bd60a034726d551dc83e47456ad8d9467a7df92a7cb96c232b2a8af8efa44d,0x2ed55b2f1cd8388e
0xbc918893d84583c1f08d80d09e5edc925c4ab49fa7b3ec566345055c8755ff2b,0x8be12e85237675e8
0xd64a2326f7e67592defe797ac9ee0fbdeda8e03b4445e724d7086e977d6eca22,0x31ab8f9e97b0dcd4
0x816a6d6de06810a94095828c26ffcc5a68cab0e1f046fd56c8b8d4ec61b6dfbf,0x002ea8ddc5cec20c
0x0555ebbefcd25a05cd6bc1cd5c06c6203e369115ec3dbf327f6a1f46d4af2f66,0xb7d30d35eaaaa8ec
0x7882ae86836d4aa25316a2323477cbcc4ffed66c8e2f8a9657e752b35e585588,0xe42193bec8b92a8d
0xe61904cd54a264c0354083a6be8fc33288ac4ee5719950d49486f4c0ef35e9f7,0x59ef9bd05072c8d9
0xc4a64d8493e4905026dba8992f26bf6145067eff819acab1df545c3ad7bf14d7,0xae59509d1456e915
0x65debffde5dedbde92b8b94d4f6908f7b7b98d66844d3b80e1c43b92cfaba2e0,0x4a851d5909ade9d4
0x6e1b979404bd5bfdad8e6903b797a1fdc1767b3047b5687d7fdb8f7931544452,0xa067b23322c5fab9
0x6c57a834dedf1b23e6a4d2a31d571140ff0048393714a5f6f877ce20e66484c6,0x94bc9105aef311d8
0x938e91a688a3ab58a24c28c0d65d107d383070cdb232b7e8e0d6bf7ee059a624,0xc0fa91166a0cc581
0x946138fa8f7a0b51ec0f73e0d612b0a706ee9e59182c39392a205d3f73b2347f,0xa2badde72fdf6643
0xc230263b347db4b6ac831234669100dc8947cb5bd3cdb446b32f27d46c9aec9d,0xbbc68d1792e680fd
0xaa5e31ebbdec079c27fb6d66a2015a8647faeb3361f9df0529fb03b6ca553fda,0x85b81140ce5ab0d9
0x4b5c6ec2ad6ca6712c425e67176e664aad351e379d404bc993dbcb889d71a0a6,0x610c999e01a2895b
0xc8c6d2c70ba4a1f73a5a42ac8f7e0e9490961c1189b87752daca893998e6f5bc,0xf419e8665dbd0726
0xdf336cb65924dff45e63151a2299eebf446b871567a5087d9f913a5aead35162,0x0a2e6511811e77af
0xf178bbb0452b872daed99919986284cc07dc862866aaeb990b3fb04a3012e079,0x59caf0803e59b4dd
0x1deec41551082ffa55a27ee3a940cd6b045154746a2af2f41db10bf52041151b,0xf6f92f15dd243842
0xa1d935ce650be3a60409eb8c8d9cd3fda351e73aff66a4f51356c7698b775459,0x33dcc0dee62e05ab
0xde334181d2673423a61714bcfb62f1a46fb9aa290de241b67dd16301a9fb1db7,0x79289a23bd178bac
0x1ca2ca29ae80cabf5c8355810a4df03e2adeea3ce5826b5a7894f6f03b7522f8,0x71b7d3e89840b3d9
0x96ccbd9390ff4be063c0831ad6826a03571a01cb54476c565b7d913f86c6ae69,0x7082107a64a56a4d
0x0d38130465b9c623233e8539e76bd07525d0b59bae16f3119c6665fafb1a0dfa,0x7b7a4231a9cf8240
0xad637a6d5c1fd6c1bee7be19b7dd215d761a581bc78f12bc178682035fe813ac,0xbe44ca1a7614848d
0x1b92af72f5a768177355c145af73cc9de6430d628ae71e11a702a24fdb201ef3,0x0562d780bc5bbafa
0xcc863c01b66bc824c0cb52d0956eb2b9b2bf42c175306d5426b1850bd7fc9caa,0xffa5cdd2693186e0
0xbec3cc9537fa78b3b394b17fbce63f7d7e9f2aab99764e9370ef3f5c7b3e3e38,0x766a918a1ef512e7
0x3f12fd81074e3683d16d28970ef60131fa62f05d6d3250d4c3a5b0e07452ba17,0xfed8554987f95312
0xd44e98a36221843b9b061eb33f260dbb78f419737f513cbec1f4d6d1c32fb7d2,0xe01dac76b69129d8
0x2916f115af0d86a20b5591a1882fd39d86c74c388999a6e84507d7574f518bd9,0x8015c49fc3471810
0x65e05cbbe0b7aa6af373803ff8c0edd412a370df24b19b6687e6c53afef7c95b,0xc729447810f27d69
0xb0df69d612d5c90d76d72b65238f78ab0dd9a98215c729d4ba884f203969d587,0x50106366bb88d100
0x90d56b024b3f22edd4f945e8c5b6dddd63793cfbd7912d7dabe93770e20a9c00,0xc64491d7d359f0ac
0xaffb799eba64970a43576b4dc5eb030006eaba708d0c40465b6e07780af14447,0x83222a991810544b
0x1d7eb67c56fcb84827208766e9516d3c9cc38ca3229c7f1d4fc45fefb302757d,0xde06ceb38c74ce08
0xeac8882717249330996417ff9f45dadfef78710b4db61593341e999ada11ee47,0x25f312608c97c775
0xba0eeea677a8077b6e6ae4c09fb0a7e145f821c41c98f043c2c082310839f067,0xfe4fdd84f1d64206
0xfcd2031544380db77dcb31b41969829515f5dc0b106240912f519cb5fd39f343,0xa1e399ebb313ed9a
0x097fd3c101ff51ffc8314ad0356f8c855394d30f8e899d0c5bb516e4864211f1,0x22fb2af16f86c48a
0xe636f2a24e3fbc25c8c3a4309da47caffd49299837e5f55f3837254cdf509ee5,0xc12ec8309712ca7b
0xf5276624a2db09b3ccf281f364da3c8324416fde269111671c884b0fdb5c4fe3,0x8a2d2f438e0c2492
0xfed3b2481fbac5db0ca31c59f9b9bb15e147c3d2ec418a993f3e2a83c6b0bf33,0x205d986f1ea5c2fa
0xaeb4a8537a6190a3f48bfb3a1722e03971c829df920456e2297b044a167c5c1c,0xead5646cf7a1f803
0xd9e3ecad4351fbe63d9004630dfad9a47f6163683bcdab4cfda1ffc9921a81dd,0x9d998365a9ef3603
0xd28744f7e96085176d51f28c9fb19302f10264cea4ff4020c545d9b4de7de38d,0xc90b9941801a9026
0x5938dbaa6d74f407daa123639817bbe4f91eea36d23d722890121f7730e70473,0x8e99225e6a1d00d4
0x99f8793a3e5e3558b8a950485ea3e42a4067c9b46ff4e016e91bb6f81561962f,0x6b71de468edf2db6
0xfd294a8125e82937ab64b3a8daa0ca9017bacc7b5eb6238d0bc8ca18c02e5872,0x432b291fea30ae12
0x975a55a6a5192f6499cbdd5735a8d6bfb47b148973431fc9ce39f80c5a8b831d,0x513feb94ab226d6f
0x06ddd8be07a46ee5e3ecfa69b5fd95e5fd868c99af9b71ed4b22bc9ad6ab3ebf,0x3dcad6c66acc66dc
0x5af535d8e4aea1207cd1826b5d3a1a9871deabcd7234aa5740a745cac3c7fd53,0xd4c96b9d59a613b2
0x7ab945958ef4bea403790ccb0c8a7e4e6e76003685512829b608c3a60f9bb14e,0xec90071d3cfc0126
0xd2e354a9995610899b8809720b715d24d26e2406d595ce49833a3ed0aab704b9,0x3352627c9759d440
0xec7304baa8ce1ae89ee00354d74cfa68fb25e0f5bb839f1d36328c28cbe5b471,0x7cbb15a282b930a0
0x5d4ccbb03edec12d17ccd46c2aa4245926ab926bb6e03301e39644fb74923c7a,0xd56f471b5aeacc14
0x1385a4b350fd67d357d2d5915d19ed7b1e23decd60346588b602acb6466353e9,0x189a30779b55884a
0xd61adbbf994658af4c755778077ad4fb81f119c4ac943bac9121da1ec14c40d1,0x3bd34dfce6c315ad
0xaabc764bf5b0c5f05ac197d526460047d182fc2dad3f416f0cfb0cdfcec557a9,0x8c6c71abc156b158
0x85968079f670b6890bafbe4b0a043202c68a567c32311fc063ca29fded54bcaf,0xb1c2277839a0f975
0x8d4ae2d3f7f3f32aaca9f3f4e214c3637bb96091e990211a58537f467501e416,0x30e871d7e788ad4b
0xafebd477f8ae248dc0fb2d2cf25192911d1a46813f2743ec7c98d920ec37a0e0,0x0046c2b92358c9aa
0xee95e57329599bac00f3b3e937cb2a68d4fee61aeb712c484da615432b6b66d0,0x7b2ee102bc6c1ee0
0x6b0e959d8135cd4ac3b3d3bcc08fb2a3238b85134690e9cd33fb3bf94b96ca34,0x056048f61e85bdc5
0x7e2e5e5e26e3358a1906d9814e23940659adb2e3fac1b5ea49c68ff7d0bc710d,0x1b72949249d02666
0x92b841023fc2d8ab87b16f5e5552de7e3e042d0d13e0c8a1be8b4cbce8944363,0x695385a5400c3319
0x1cf10cee5750fb037212b4c2d10d98f45bb7a3862221b42e132891b53b712fbe,0xa480e2518f28dd3b
0xdc3dff238218d883bc371ea49d947c83c8e1fd180f0fe4fc5cae5259765ee70d,0x4d986dd317a7fee8
0x05c29d088d09df430463b1bb8ba4077392b36253ec56df6befd87e285083a37f,0xd314baf9301de5a7
0x894c1fc3f6e33dd8e37181b9aa866031aff366448e3c308a4aaf8a7e29e7ae5e,0xbc6231cc21b1a2b0
0xc83aa17c976b10303323e08c0ba884c6d4b8f1378936017151e26d8c2250ce91,0x09072fde257dfc7e
0xdfe44317a5214f1337ef13e28ed87d2c69d5d13507da15ff6252d47a50e8f2dc,0xaed950ee8fb23851
0x8dac0a81fdeaa688c01d62f8ef5dd568f4a97b09a6f1ec850e891821ded6509c,0xdd861406ef5c6a51
0xfe5d41f8c06e8f9d793e8a4faf06a8a24fcf1daaaf02c284b1cfc9c0180307d4,0x6e86abb8d6b07adf
0xd8a7e3de46519910a80161c5578602e6ef8526403732bdf6b98de7c9a837727b,0xb638a2bc77feaf40
0xa9a7f039dbd1381262b82b1122ff4b493df046d43a708afc110f63c6448b889d,0xb85ff82efac5dda0
0x51601c42a348698829b9b79ec2690c5e384d118c217683748681d80dbef1fc60,0x477e25330243c5d2
0xb647c1f9f9656dac47cfd516b3f3687dd8a7733487427afab48a29150c6b9153,0xf1808782c6916ce1
0xc0ec17868ec677a95293be496b0ce3985f8c0d6a5ce20d28e0715938da4dec6a,0x5001968d1f623693
0x4c55d9bff3a66a12a6676a6503124bde6df01795439440e8584ca389f658fce5,0x347b14f2b29d96f7
0xf64033d913704b0765d4579f60bd3ee05c73cb3bb8e5e351811856559819637b,0x551cb6a719993e42
0xe0e53816d4137479b85621f2f745303d67fe8733a3da5366dbd4fc507c9e9bf1,0x884ae5af416a5e42
0x55ca0e039f5350c35e0fe4583fc438ba93cac370c967e3461f0690813daccfdb,0xc431e7e1c9951665
0xf6c8f4c1a56823926c056148d127520a50a8319498953a106f0b13281f3a6885,0x68a24ce026f170c0
0x3722399e18a0ed4e7c6c88dcd6eebb7b458eb4b702aefdf3e3707eb81b6f9e20,0x4c4dddacca5912bd
0x8b4e15bae04fa495ff4735771be29c4d68084b135af1a0fc9459329eaa25a54a,0x69e1869fe193a1fb
0x90da6c1f16f527234da3e5159af72826fae4f93e1a1a1c04b45e1c7352368e92,0xa7fe639c1842f1f4
0x7e07988e68d77d56ea32bb12fba5b34072a23b65661f7fbd7f90c30266a40c53,0x443ede61e5171e59
0x0cc3a29497331c3afb8b22cd2fe92f8932335434f2b63b3eb365d98fe682cc5b,0x3e988fbc513d494b
0xcc4d13069ecfc0ceb1fcd549ef2c4d53951b4db3cea090826ba43554614bbe45,0x98cbfc005845dda2
0xd39cb88d701551b79ddf9f2c7bf7e60793dfa5edb3c6c4f46c3ebd58f9737d0b,0x57df16425c9e1735
0x588d9b689a2273d4b4862eda3a1c2540e5010be6b7ec8868b1e074a0246769f4,0xa253b739afc0b140
0xaab7694862a2f5945ed3af23986fd6ab3042b36bef307b98a024a0174594d5e1,0x6c6a5a9bc06a0343
0x2e10af89d04a997b89c0aeedb1584f0bb8ebc353bef79bc38166d9f27ab59146,0xa112f1e1ec784dbc
0xa5a3872dd7adae0f45d971c27f1da0fc94ff9eeac2aa523cd61f789d253b7722,0xfc6f62f0dd93155f
0x749bd07dd9b80c8124cf0a7d26bf380846cb987b0160047495293a7abf8323b9,0x18032b4651fccfd5
0x57f8c2492920b3e2679d2d0a32495458d35e20238e57733ebd1942cc090d0eb7,0x7d8d192de0955261
0x4dc80843e29fe937211bebafaae63f9f2055dba584f0d12a7351316bcd0d642f,0xe57b216e61828993
0x0c6f47481b4accee1e490c2fe766806b8d8a1fbe99181306a7cbf8d38c91b73e,0x009463de0153793d
0xe31355cb7f79331190a3a3e522266d35c8e6affdd43a64cd3395b27da1b2c509,0x94a0fec08e1dce4f
0x55c752487bbee5ca8e1718c20dc880af40e98d94a6ea332fc01870cd2a0c1fa9,0x14efdd470b26d6d8
0x637f4c2d0ce368710d402a4b3a3f066d0df415d9f6a499d20484a717a302b323,0x2bd027e363db60f4
0xa3370c4ab07f6182c7062bd546601098ff61706ecddbbb700ded2a50c625368f,0xd06f283f0b0a724e
0xf4c7069389ba015615e381c443c005501c32c2d4143e7f5950e77b1afeb6ef8b,0x3fb8aa1911f5cc14
0xcea0f2b4430f5d47252ab4f1cbf151074c96e6a039e78de2d8155379f4f98693,0xcb25fe33d393b436
0x1a8b53f81fd8e91592d6a1fccf76c96999ea97da070c3c2c234c5b5ddb539f37,0x1ed70eb8ccd4eef7
0x12949240bc4011c24d9d6d70aaa400d7dc7a4a160321400e6e639dbaaa482185,0x42635ccd38b54144
0xc642809eb5165b5becb19956be6baa70f9ca71c473ca7f77947d6b5fab9c4747,0x10c23283951b06f3
0xab0aa3c335844d3eb09a7bfcb73689f37d0773925aac8423cdca564edb1ae0b1,0xaff0db7535966c47
0x83602250c6ce1c467275f2501c19f4e22bff5b2c217ceb507d6b4d0a15007fe0,0x72e5b495d05c4a87
0xc8f3bb116221e2bfead9183cc19a4266cd2e1bc7cd1ae59da59fefcacd3a8313,0x27d769de5e316769
0xdbd7fe77f352390f0659fad51d164e7c2b2ba067c80c56e2a4b5a24af168fea7,0x49e543c287727cf2
0x962423d4448f4db610c646a0b4a2a2c09a55ae0c2e8f9eb2ae920900d868a4dd,0xeb90aca00fdfcb18
0xb311e006866491ef46fae563286e02acb70f2e11c3c04718549da4aac8b4e004,0x7cb1652b879a8e6f
0x330795f538eef8f8cf2148861d2d1bb2361b08d36f8e2d853019faa1db82d872,0xaf4314e3895f8a63
0x2b32844b25f73611e51b2b9e15eff38c6e838bfe0451777d32123918d0921e87,0x36ea63e5f9db6beb
0x6450ea094871dc804fcd3a3064ed35c0e94f818c45d7221c08cf516b457710fc,0xab03f11a45f513ab
0xe84d695a14e55ad4089153756d8d5490367f8611e9afeb7f1191ec77b2450221,0xea5cf735b2169818
0x44217448e2bb8756c485fedbf9d406fdcedab626b8bad3401396153b80f2b7da,0x20c5e26b6a2c1138
0xb2f591b07f2d66dfdb092644bbc87fd46d4866346405b7c9011a7874260e2ffa,0x74e2cc581d854a46
0xd6ec8fa1e7438b076cf4c597590fafab9516cd7d427dde72d20adc85fe371b07,0x94a49200f677eb6b
0x58dda2abf6ef8f97b2cbc9fa44e064b9e3a3be0c9b77150bd98b19e42d178fac,0xf52cc9ee6095c0be
0x61b71f576e096aba7f7efd9e80bd3330e84e6f51fdb6a3c0ab19a4f6b7c5d873,0xad66385ea9fddb00
0xa97f60cacd1aad3899e9424b0bd39d582e14e45030709ddec7015fd3e7bf85c7,0x85e01d3f33b96634
0x2964fbb9e7780f5bcecf16807d8ac02f65d8c18220d23ef55302b33ef26b2ed2,0xcb0d9f1e1c8becaa
0x54fb641adea899a00e26720e0d9cd5da6780f5e85ef7b379af7f4cd165ed9941,0x2ba640d6308800af
0x2c68d8ee083064543f397ec06a04c9a83466651de80186f67c5e82d681acf66e,0xf393a046e506edac
0x296df0325eb8b1ba1765234c66adcda8d5b3283af9f39243e1dff04fe7f2b7e5,0x5a8df29f8360ba37
0xf46bfcc799dfc40f42d1bb79424ea2485a81df30238c987a5307e2bbf5192c8c,0xfab51f7468d6b85e
0xb54c48d03490f74c73404d0317dacf446ccd8a86ce1515c1a82d172603373a4b,0xfa6fb37b6fc35ae8
0x65dcf860ce3317b0a36968d3eae92b3c443533350796e0b647a79535092592c0,0xbcc91983297c79bf
0x32d820fad232ddeb32dee72f081d751a6eb8619de72767affafecad8f941ec4d,0x51636b85f43abce7
0x3f923d305e8c958ad2a47df4e7d01005a56332ecbc2ffebca3503005d2b37cfb,0x686b55a5a8d11aa5
0x5cc8ceaca5fce67dc2762e2257bf595dcca90a89ce9dee97b8bb9e2536ab73b0,0x8b2399852bb2f770
0x680e2105adce92715899f62bd4fa9dc7a73be4994a389a0e8350103aa85cbafb,0x971c6114c7a71787
0x71b66b83818866080e224718cba5aadb0332182f021adca95d30a56c6aecafa2,0x3316bec05141bdff
0xd5ce705281d989b076716f6be5a0548e0a5bb1c9ee4afab6f6bd490824e96088,0x65e721da673db2df
0x51d400ca2524928aeb155a4e12936e662f1bd3f0b93be61c1b3da880002765ff,0x1a4754ace791c2cc
0xc18b27691fffcb756e2cc4db57b1c1eb6694576422430b0ce46d1400e2d12d6e,0x16cd7e44ef4b8171
0x367bcf3a0f5771cfcb2b536edfcf6c2d9956fb0a94b261f2891c9ae2f97485ff,0xddfe397b8b690961
0x06ae67532d121d6e43ad008ce57d20403c96c22e18e5820a05f20aebbc0fffb5,0x493d0548360c13cd
0xa180e56622f06d449162c7d14729708670a687d7e64cf4e8dbfa8c5268809572,0xdee1bf116368f526
0x9a211c2c41436e7449a3e40d87f0f0e65dc223777389790c14ec30a6022d7266,0x2e72e37c55ac4909
0x24f7a7f2f4517360f0c1b50c2f6b9e7d0577b08d472223fb1dc00668fc3ef199,0x5065f96670a7803d
0xfebf9483d3a2b40164cc746b8a544acc6b184e2fe33efa7cf535f61abe846b7f,0xcb4884998fe40573
0xd818c73cf5233e1101ce7f9f49ecc436090aa2eec46745d0a5bde7d01726605e,0x9ea9580eb069e09b
0x65674a4322849137fd2590fee1937772fe31cde9803cf6948c8a811a147b105c,0xa22c7dbbd7f540c4
0x9143a8f5532368205dc23a6a9054284c1522cefa28868707942df04bf724c882,0x6a1dc908376abd1b
0xfcc334c42df321bf6c56af955a18119f35c174b9ba61c09429e6812ae68aab85,0x68ed8cb2e39ec978
0xf35c0f3c80bc63714f2c2bd4ed020144ffa80b2a91d53a8c19ce068503f22529,0xaeb68de89ff8b2d5
0xabdff29cd342da8212fba52dc23085d73998a1b86e26e3c1a5e60f738a792623,0xd0639d9bd8eae4e9
0xba14eb457f147c506ff417209b14d7186151d14e1fbdb1e197aacbb20fbf8893,0xaac6279dfac664df
0x886d1d140a835f990b495d674224c52d5e246d98ac0ee1a146f7b63fee76285d,0xe453256acff76278
0x97729d248c631131424b286448a12d652d0ddb8cc668de6f31950de9a49eaa63,0xce8807a1751a88bd
0x9d1a4341a762177a2917bb437d5153b77269e521a9a2471fffd15cb4853b42b2,0x92f60f3628cfb83e
0x7e66532935e8d6ece5b868411f3231b75f1806414e56b0bcc0a6e6a628f4ecf4,0x615c1c7a393a7943
0x61a83163c46ade60b00531a9c395f3755f77aae87b2966c6f3052db4560e731f,0x156e2c86d7ec3cd9
0xcf957d3eaaa801e954d10862fa114d6ab71b66d7654629ebbd3de84e505ea0b7,0x31c2570eca9a9f98
0xd5972349b863cf7c05edc4120b7ce900b13eae69d18415ea8392cd64889cc1d2,0x30e337a3b2c51374
0xa2febfc44ead2381e6aafe25f5aeafe1bff69ae55bc0581a38f6039a295a50e3,0x203a8393caa80065
0xb531ada2dafdf401d5b5084fa70ced00dbdb3d6d7210e9f6334c258ae7d54f9e,0x1a41d410a098626c
0x3cd9d7909626b97596b27b1b887b01f52e4ef3f34caf310deae5a3fd333ff198,0xa0d8a457881cd14b
0x6e90c1a4cbbe04a85312e66307cc7b8a21556ad603f20d4c706b15d42f93a176,0x1dd8051f667738bc
0xc349c7182faad9df79bb848835f7f4f6210443480d3a0a1a36fe8380b0389c1f,0xbebc41866b59b4b3
0xf630f9ef5c5993c3092d884634a5856a71d2930e26b12b0d26b32d8968c59441,0x8f09cae7dcee7cbe
0x73b1e87277a33e60185b43acf6375ba71a56d350f45e28e22108f3654a720ea7,0xcb9892a7506ed4b5
0x4aa08cf8f6725e7f4290004dcfb1dee42c8f06db592e8f53105080003f774569,0xb63daee8c7d87d94
0xdc1a375ce512db9ee21d6f35411d172ca1af7501214df6873e657340626c7bb4,0x066b92ee2865b2f7
0x75130265cd48a0eb9ce81f8cd7b1cd3aa82e3b29ed062254fba7a1330eafec21,0xbb166dfe0adfb646
0x37c5f095a036896613f725d1ef6a6cedb17e7ff25c9447811178596d22e9072d,0x29eb2016bb22daa5
0x065117fa6e344fed6235fd9ba7b7e8dee7c6aca4245aa35c27d27f4135b891eb,0x2001b79011375f0d
0x66531616f56eafd87165491e43c4c6dbd16e458fa1215ab4e0b17e06e4da1d44,0x50b191a794437f2d
0xb1a58e55cd0752fdcfe4f4958637a6d58cb45f1dfb7eaa3176d5030005e7acd9,0xb1b645d4b98482f4
0xade366f5ccfd14226ab7e61260edb064190f0d21a638b98c626d4a70cdfca521,0x066a29815c8b39a5
0x0f7565e66ad19802beaf89bcc8133a921f45a5056606fe249b8cb70e29bcaa85,0x732a2e6796c36c54
0x98bb5c7128f7ffec256f8a818851e04125b0e2a59c254408189d5fc5c582dc03,0x5525361503d64262
0x3b26669aedc0547f7069f9d91db2b165ebf0a6872c357c8848b59576fd4b367a,0x31b44ef754f2d791
0x7b41ab9ad699cd947979cc72d529d0d18688a922e34eec66694e3afa2a96dfdb,0xef0b53be220cc864
0xae0c249d13748dfc4b83422baf0775e07c4894c1d903751ad659b11e08d7e573,0x822856715f144e0b
0x6d1ea3268a25e25c8e27e83ffe301412a0869cc3c95de1c9a7ee4ab113d83354,0xbe6b31612ba73727
0xb6b9a7326e9f52e987ff8bdf0f4faeb201c7c86c57d02bef0c0789cd92d0a468,0xe43118386936e1da
0x533744424028af70795de32bb4127191e688a39510b4164ce4093fa8003f2849,0x2f97979b414c140a
0x1b1223738784b3802f850b6bd1844c338b64a97ad653d156fe4cd9f879473ea1,0x787ac50afded21c2
0x01760ca8fa01b9c0de17aee25ed989ccf7f218f134d259680586944a0d9a62e1,0x87a00e49ce1de3e5
0x68a6ba371ed333f03b53b8a39d489b36e23d7f3d3d46f0dfbb7dc0db0a41b7fe,0xa1b8521eac188a70
0x04e6dca738480caded1a86c21ca767f82fa87abd5d0ded3cd049a3a138e5e7f2,0x188bce63158cdeea
0x1bd233d752be08978cc6ae11bc6f849272f34ce89e552bb044cfe5889aedcd78,0x79314de283643b11
0xd2b25e9867b5968258e651a69800c0c8884d5616fb6aab1168a9775a2cf7e92a,0x7ca14e0136a42c2e
0xd4ae49c5fcaab2f13cc9703ba17dd7b0c388eccad630800e05cde422e6e1e5fa,0x84f23dcab265c705
0x9bec1f2917d0a3e7a60277e1c79ae43e0817727a45c5f0a3d357da70eb9ca87d,0x1dcd519c85599542
0xa300ca80eacfdfc19b2bf5c781e20c7059addac59ca148b7c630ca801f6bc47b,0x06f07f0e55690450
0x688fcc3fb36156b1a8e959b348a8b646fb4a279730efb4a518a2cde6db3bba3b,0xd20dbe61f8746adc
0x08c110afda8f9762369ffd45a694d27c11c6029bfd7185cfdff37d174f966d59,0x1de11a4f61063571
0xe2b38a96a6ed03deff4da613a075f8a40fcb4f3acedda5b2486bd198fa64f92d,0x581d07fc64d95e7e
0x7c747674e6e78d6e33479dbf3a1a73102e943df52bb8476e31ec96a774d5c3c2,0x108924789627435d
0x04626d52f4fb25159fb8e18a6d9034a46ce230f4d77fd7f5e662eee475fec084,0x1aea41a92c68b0af
0x582a0792a811f2e1d5825e1778f4e9da111dc6a9d7423d7a37b63611f1eab37f,0xcd34c5ea705c5189
0x500ad256f5490e4cdcfa362e396759aff2b9c901cbb38670d31af2a6ee456a81,0xe06c3f2d60f55f8c
0x4c617bbb2a2a26167f8e8f3454ab2f3f2eb7d12c3ddbc46e91f903735cb3a95d,0xfe824b0e1d72995d
0x2b56ff87ebd00fbe87d49397c7d7d3100030f3ed21eacb22958fef15c6faef40,0xdc81ee40fa32a515
0x135ef34519a5b83faeab46fb410cb8c0d8345e261f89b3243b60bd75d60c5320,0x79dab2ff41bd8c44
0x2b3e5e1205d1bc087282dfa753efc47e5ff2c6b4ae428af2786fc3d8a08e0bd8,0xebeb9ddd64ae1e0e
0xcb33dd9766eaa8c9f3e11bb5a63a781802941461a029a55454140d61db6eaae7,0x0d1ec3916feb4e14
0x78e7943b2e7c569a29817dec5cbbc14e1fc42fab3fcaa0ed21c70a3ff68b667a,0x508105c2aecd961d
0x004ec6efd5e2975c1984ca81235f14297554f318372414b359dc7586833708d0,0xaf9ad545238e5439
0x28ebbfdc55ecfe74ec9e249f1ff0ac6357d71d75691adf1abb969c072dfd590b,0x9280ca1b244903dd
0x9493fb89a5bd30ca0c49f9d821715b7eec06d6007aa1e2cfa572d896c6500017,0x594c49b89d538b57
0xbbaffa9f82583195bd02f6f6432f580dd8246bd1c88323fa264d492923e74068,0xb25d8e6a74fe6841
0xf43a988926d5fe39dd2698126e1d2c5f550c799f60f202ed9508b3c98332ab5f,0x81d20d88e6a7845f
0x3c6e938bc68872a0f3b12a6226ba3da21fecd81a17c6330eb247a4147164a142,0x78755ddf963696e6
0x44e25aa76eb0a02fb369c20a08553b34121c2e8423987a916a3bfb4934df89db,0xa80237652e46c99b
0xd086441a5ac0774e8d2f78928e3e39ca0db3b58f83713323d1ee811efb26395d,0xb118f9e09041e3f2
0x3412227fa07f317e79c451fb06ffc26223dbfa81178c2d532c67d4411003ab11,0xc261ad4c11aa5867
0x2f400df04b4fc7ecbf7948d6a11ca3865de5d161abe2b841a7ab0c234fe93be2,0x4c91e9bf3ec3aec4
0x8b48d0b87b5a3309a7089dd1b9f0ebbc8a191d85ca86681e25355dcd0ecd3e4c,0x2802b028e92d460a
0xc168ad82ec398d85d56c291517eb41f82e89788f93abae7f1789fdee2b62f7cb,0x20f8cf15f633c167
0x8f57381dd9d554e4fd5cbbc22dae041783bc35857ba3add409ed0a768c32c27b,0x87620fea4241e4ea
0x05228fc494af6bf8adeb133c996b357806015a38c9880d02652bd502831e7166,0xacb9bc10ede04a7a
0xe4c0968c7bd51478a7f24f6494e8153aa9f68ca846da31185665ae6d2766be9b,0xf1f937262c9330bf
0xff52d6aabaf080ff6967ad9a11e3df1da9cf80bd500521a08448240ef7dc27c2,0x672d86060757f9d4
0xd003d86ea85f2ddac25bac27bc9524d685cf693e4a7e95ec8ca6ea922dd0f046,0xb058eaab379c5aa7
0xfc03a835f1b8aa6db003d6b036b93f06b7a11de69b333027d34ba99fee61cad4,0x7328f40d50198f75
0x761dc7c45e3e8d293a685afa13de64d2e6571519e105bd9572588a85812a0772,0x4a9c6adeaed99be1
0xc4c7e8953f5039c12147fa2f75aef9b231f4b1c4cd3cabb53306553b0a835784,0x8a2784fdb9d362d6
0x1ad69af7694fb62b26bbaf0565a08e1bda323ef10adfdd4665263f9a906fb006,0xeb55ea9e6a22f329
0x9c12c290190393ac222bcb02a601daceb6f7d87fbc75715d6e7ce34413a54ca3,0xcedd349c4d2466a5
0x3cf006f8294dc3dd934e789c05bfc262d269b4961ee0afcfee761b2a1bc397ed,0x13b252f882d170db
0x43d70a7daae24eb04626919ce2950f32380fd724b53690c0af53cce8608cc0b1,0xc540e1c35aecaad3
0x4a5f808c4633ce954bb0b3235f890d644c4d97a208d7d844070c82d5718838c5,0xfa347e8c6b64d0e9
0xa4763e03ffd40598696d343a160e8757e4f33aac786bc6dac0a49bb03a395901,0x550675c52ecb5d00
0x09022f7c7c557aafe9700aae562f5b22322f9fa5b4881fc19ad2e5b23449ee4a,0x9eed151240e1061f
0x200ca14e67f95928b7e889c72ebbccfe9c2614ffd92244016dd13a5221a9ef87,0xaea64a80095b2f24
0x4dbab070935947b624a366ab2c2f9e2c216033e076ccdb7e07e2dc6ce4ee7946,0x68e87fbab2843188
0xa9cd6773b19fc34213803c90293288984623a294166a53727bd6000877a2a43b,0xc650ee4bee8aaa23
0x6886d6fdc7b565d1219367697aeb8d98314e1855b93891de0912d0c91531cfdc,0x960759135293c618
0x4d6ece293ff90dd02e8cdb65b0d14c14146575d924a4f7cc470e32f02d1dee62,0x1176e25bcbf1ae5e
0x713deccb41785ad6c0162ebea2af4e0a719082eb5dcd327214997a333c4126e5,0x13543ff10a4a2166
0x84a809b7287e5f93d03d4006f26490635d17e1cf7e4b7b75834c7191cf418465,0x7063d8411b1753f7
0x960fef4f7820b140a13645c69417101dd0d116eebb712cb5ae5a207961caabe3,0xce3f906db023cb1e
0x3fba1d9e3bec665170d828bde67fcb20308a51e5ff7de555629be41b5f37602a,0xf0d4461eb560983d
0xdcf6fb25aca41dab4b68167e4fd7a4aa6a4e934c068a7d7cce008ff7ef00087d,0xb06ef1b22c7e6d75
0x91e7aa237b5421e48b1e87f743c2ff78a3cbf50e5265da6fe574ddbbb4204594,0xd2cb16dea25db818
0xb329cff6d61a928944eae498b5352078b94a097667eb1cca0643a775a06f32ef,0x92180526f80e4adb
0xa67f140e278791bdf72796acf3a851c5805a837b0725f0a64ac0e375beb40336,0x5c4c331d7ada0e44
0x46b95bd471f0f96f28537aa57a4c42a6303231c8e514c34ab545d561409f1640,0x097e5e3f01f19615
0xc990bceebc225a82a81de109bca472920511a6e16afdedd1b1d4f139e2e34d34,0xa6c5367fc50a6d5f
0x657904e3d5dc7f553368ad2677abb57d0eb85fd465524d6ecb0c7d418d6717df,0x55e496fe21d1bad1
0x361d391fbfc81234cb1f05705783257bd0c056451bcff631c265a3b95e7d38e8,0x79c80510700f2897
0xa59e770ae25da20b768323d87a8f3bc58fe1b8b18ba2c050ee19dc24bf3b6cb6,0xd5cb1028ca7955f9
0xf49a8249d09015f374cb98d78b26055e5ccd946e3c4c9da30deb32ce13e333ef,0xef37d436e5071d2e
0x5949b362805ac316e428956327c617aeaf86298214c134fc496863e2da0e54c9,0x5e998a8ec6624742
0x4bd062b18230f1811ae6146c5dbf150beceb22d80873f213715c7e5b69c7e38a,0xfb516235ac0767d6
0xe80c222341495fc8b6775bb49b541291c0ed478518993550988285ed3c0a1a2b,0xb80ca5723b800f71
0x57e40ac52cd571756947f6944b3b6b6319e5380d2089448fde481183aae02994,0x057ba4399e88f097
0x14543febdad90764fbed9bf0b648c5317cfa8a37ab5e00c03fa7544758421a2f,0x30cb71e42563492a
0x40908dad383a9a4f25d3069e55dcc6919f2607c88ae63eeb3b71be169542fa4e,0x353da229e9500e52
0xf1132bc176fa7e753c2b64f12713fc085ccf2ee2194df63e30195688392791fc,0x2d673ea53b018b8f
0x80adab380e3270d84e91fee5de80ca882507168c958a3fbdbec56e69204c4b4a,0x7fdc9fa6d43d6de2
0x519fb132af1e46e3cbca7f56738c6695aef206f8e45c096645c0dba83a59c333,0x106cb06d074f1be9
0xd587f7c4ce07b3b066a7be402a457420e99f72c7d9fc38cac2cf591189023bd6,0x1ff8f0f7b3da2a5a
0xdcd334b8eed297103a0fbcb654b7e13d370c7d1230243202bf2657f20a29cb4c,0x144f6e635060b187
0xe831c9a4f8af52d1c8d108bec5ae7b50b9564906ab2ece594de094e3aea2930f,0xde6995ca7a502513
0x492d335a7318b82768393c06cf3bbffd4f8852c54834775f0583b0349acd7a2c,0x43189095ab2adf17
0x11d74a37fa42d851f4bf7c175f78b9735d53528d9926867fb770aea7b6fdfbf0,0xc974cd7a13aec844
0x0a5971d8b3145a2151ce5bdb99cec9d41ae3a2a4e38e859dcdf82a9e81733f5b,0x484e31904307e8b0
0x1474588f811e2ccd782206551da3cb89645d417392ff8f00b956e8b42b8fae8f,0xffe0cf0cedcbb002
0x614ccb3772d01f958a4c6cb0027d3d86f444ccf44d8acbef51ae028b95880818,0x0e2831566298440e
0x77e3f71c44ec88eed69e0eae04f668e0f4e5a674ad22b38d1629fde35de2608e,0xc55f047c24a7c44c
0x585cfc40567f9c77678d522bad4cb40848281a8c3c224b14cde0adb2567a369b,0x74c2ab1e9495b77a
0x909bfd71507ab41b53d5d1840e7e24bbe9e45555b9186c3a39561affc17b7a78,0x8b31f423747ccf58
0xd71a698db88eb058a03c71da53deef319ecdcd05559a03245810520b7c295829,0x25b310df996de6e2
0x3f1e0af59c9078b343fab74955f41181373aaeb68f20db140dbe86ad7346b469,0xf30434459c7f554a
0x08c98ab7451568e6fe7877eff82d8cd5e15ddb8a74c7732c92fae4e190f0ca37,0xcde8b184fea9ffcf
0xaf839a26523120078ec33e205ade57a4cedccdbc666c6a6e3244e93dd8907ed2,0x7c93e2dd2d9357b4
0x86a01e56a79af2a0afc5caf35719a65423436c07f27567349c3549c7bd596c7c,0x377af3bd734d54f6
0x5ce2afdaa00b6eb937fecc14ada4cb67ac7a6edb0b07013a7e8cb4a350be5a1d,0x94ffe83cf1eb582a
0x7ca2622d03f90122234a719a2f751ed83fbb969a0bd0c3978a9bb5d5ff226de8,0x84a6dc59ae5985e7
0x696f57cbebce1b5609169f53dfc8a6db2ef9f0af6e5ab582a85dfb732cc27c0e,0x25c60e4419c89475
0xa30e1669b503db2436ae698d7c3cb74e13e9ff684c7f3b0b4fc936e64d5e47fa,0x6073ec3558dfe100
0x6ccf32201edb2c473cda2c774b405c0cbf1a3211eca305a08a36abc1c253da9c,0x6aa66b82bedc0fd1
0xe8430c6cd7e1f079dc7f248ac0e7915c4a6f2eb67e9305afc2bc42c43ce6b323,0x096d52fb574939fb
0x1593949d8acdae26d58343137b64e22fcc239cc222c1f170b1a197aa05ef81e6,0x3740c7f178e43068
0x7139e5f32ee1f048ab0bef91408eae21841ecdd2b597c7a946f71474085ad77f,0x09c115dd61d287bf
0x8f9d1bc940341eb19cbaf255a3f77aecbdd97595ec98f55986437373c1d2a532,0x453d4899c5c0a081
0xfa61447b3b0fc79c2496b085f9ce160b79659344b8d7a111dac2e2c39af74922,0x5ae3da264c114ee4
0xd133bae8c6aeb82d64bd3ca301dac59a15009b2cc9b5d32a709086ed652ae54a,0x37382d3d8a391eda
0x038cde45513dd92f2549bca6594436c40fe0264659765cce11c9db5ec270e634,0x073fc07fc5b7833c
0x0e87930b0042dbc65344026ec75c37e213bced90a1f5b5ced9bfb35d43f46170,0x334766596753f280
0xdae316165113a5aa32db150fbc1aa6e113503104be896ece1704f1833a87c4f1,0xa5d9970091ae206d
0x0d6f0e3119bf56390e8a9d32bd09d24bc0cdeb80fc572fd2761ae5fbf7f70514,0x7304a4cf42d996c2
0x0a3028dbdddef79bff8e7017011fa42352aad914fa5bed9763365bd29aa6db23,0x1341c754a95badc0
0x02b779df3c406996761e957cc97916170dc7569727507fa531a8449aeadad81a,0x7923b249d387f830
0x94c794519058f0bef8e0a19d0730b342852fff1fab14a207059d2dcff2f2a19d,0x8722810aa61255f7
0x6c5fd77a5cda37a04de548bd0a219ee6a4e507cf0e8bff69519484be8ab0755e,0x4036fa3397545f4c
0x9c7f4ed415dd259d26b6118ea688428d486551b5bff791c5953c3ed078f7e301,0xab1ece480bacfcb2
0xf8796c2521732eccf5589107b556c9ae997f64e5974e8a46c5d52dc6f47ed75c,0xf39e0b7c57f40999
0x29f147ef64ac97329e2c8b817e867e9e76a8c007bf30577a061684b3a06ae40d,0x189b6565759994a1
0xb9f4b7e5104dc78348954ac79b7349eeb2993c740b9e169e9dfabb609cad659c,0x1234a3d883e16c4c
0x9a99a2239bd2fbc98f26ccab8f69733a42c331109d88c26db295871acd2a9a6f,0x69e1b4d218bf1a7e
0x316c2d5b36b44831a6130b2b75b4abcb90658f1ef989db36b57fbae54e4f1516,0x24b13b47f0b813de
0x0cb51b3cd3622710f7a6de3c363be8f7e1378988e3c75a20c5432aabb86188eb,0xa6125aac86ba5230
0x9e7a4e6d487ec92d06edd166f5deaac57ba840848020571b9acdaa95d3e564d5,0xe5ba40b166f0da6f
0x4f25ade8fb202084e5e864641aa9d64efca0fcc64969d6d3b55f3b036e863347,0x062143b4b7804cbb
0x4d863f4e5171449031186977396d3a1677cdb9b96e6304592ebcb2fd035de6e1,0xa5760d9d95eabd71
0x2a8c3a0a4f7ad6e786c5c243cd873c4fdb7fc763d6bdddab65086c59887f6dce,0x88b09bcb44be2bba
0x6d53b2b920cb80f60715fa8e4b2637c34facf9ffeff99e1813eb73cea9eba23b,0x12c9f901dc0d7e65
0x5ff58f707587a41b9cb7a839dbffc0c8fceab16c73f4b65dd71c185757dc3fd8,0x787c123cc46b8b7b
0x49a9711378f91e7ef94034c331fed2b53aa7683acf2f2013279075306cca7207,0x255f91844765aa6a
0xfa90097a1bd116f91450e3b2c7be899a0316b431823bd22511848ef79574603d,0x8381809693e923b4
0xe70a93f73a14427c638740e0d7e2cd6922e30fdc9086acfcf0b63e048516ca74,0x990d0eaa22762c28
0x036200060798bf707e14f7880d8ef95871866e5e0788d894aca1ff9b1b2dcba4,0x584538ab894e1c3f
0xcb7a53a44c8d8ba19939970d8e6bf4ce222295ec3c6c16899bd1c5c81ac7bd05,0x88078b8afe0c2cf0
0x5b0eb6af39bddd7a9d50574cba57260d8ba23db159989a6424922dae2d934dc0,0x8125d58e737231b0
0xd7d473334212c7a1cb3984ccf9a58384e21a1e2422c8489fc6221eefa6e32e86,0x1b7e871dba6eabb2
0xace91e804d7a3d13867f716227a817c054f155c76d2b5546a1789347fd680dad,0xed0bf1f546145154
0xfe24f215813a2e7ed16f18266ba3f701440dca05ab87f4ac64422b262b74b61d,0x855d90595ea7a67d
0x6cf884a9e669b62a1654a3d13373bdde0fb421235b4d3e06f58dd8105013b500,0xaf46093f1606b706
0x0da499be90e04b4de1a0ea3d502d11b138a8c1b02a7c6e97817789dddf9df730,0x901043ab4c2214ed
0xe503f847c82670e148cbdf77b480e92fa7bd28fdc9921effcf07390570f6a2b2,0x667b9993823885a1
0xcae5300543015607c2a8349d89ecedeaf2c162e1ea7118f399cc684377887171,0x66b5c19d44b28c4b
0x3a23bb785dc0ac2a89aac0ce71d26d5a19571c662c19c98e26c8b8b89b940337,0x3c665112b44d6825
0xf09bd1374cfd78e42eeda2018a275bb92215bf9f877e7e0eff801e8a4cdf9cff,0xf5e6f5b148ffbd1b
0x7b59a2ad4afe35baba82f6bf6dcdb930033c579c0048c6fd7ac1d16631bbd753,0xaaa5c73af9ba6109
0xd6ae642536b45f1fd4f7a33c33b03b33849ac75cfe366fa28c132e3f32950f39,0x64ca7b5e81df747b
0xae1472310949468c90dd2d86e6acb08e4e17a0e4d8d19de55ec61c6d629caea6,0x171c34bf43459dd0
0x2259e64abec9d299568388573e0e8813d2ea43a4e2023fe441dbcd01713b35b3,0x421602a3d88197dd
0x7898d0eaede4eda17032d2ee9b13ed9ed66c0fdd111a6972c2c2075abe4ceaa5,0xe0c684b695cfc018
0x9f4f440623b70b532a111f9865e17bfa8032bccf23ca045fb16f48aada60ed5c,0xba1a61e2a48aa693
0x2bab969cda67aa50c5058014411fdb7492c9e58693aa65db2a4dc2df138a0c4b,0xbbf8b78074f19f5e
0x9c85121279c091b8515cccd186b60e5ee7423d324f16d865a3001cb91f8c8d7d,0x4a1375ff39c4675c
0x54e13803baef33ac766343d5b8f93d44cbdb4ec26277be055ee16b0bd75d1bce,0xffd17122078c75e5
0xd6263749bee189b7e3d001b139da73a873982c237d7935ef8cd79b54dd399389,0x9a926ed9a9dfbc4e
0x06e8d8598b041e2e553850541c4b863b9d2d943435b898a282cfdeca423d1ad3,0xecb17663662663c7
0x44a2b852981c00fe80242f319b1804b36fd3bece761975a86e54809ba59971ef,0xcebad49b5e032168
0xc3aa622ace494c0028843d099ab230b2c0eeae3c20e2c7ba4460543d4d350d2e,0x1978280402b893e5
0xb4a07c92e5eaa08c578f49bf90a55eda35488d9c02e85312e6c00ecb9b51f544,0x5dfef0938e8501cc
0x00d3d0198a377ae1dbe660867c0527b2bcf89cbfb8b6f899b84d2dc672f58bbf,0x943e882dd6c25970
0x477b5a261aedf8b9272c007886f73b655d0962315dd5c7352a5d3647f3251fdb,0xf88edbe378118f98
0x0c1c58c4c35ded35d5ac5db08704c5f624d59781960b1bdd30d9366fc85b0962,0xa8546e93e2dd977e
0x9b4fc82742034eb6503d28d6a12e160b89aec1870e8e49f8469462c70af6160c,0xe4ba62b58381f883
0x8a5da2c3ba4bc8b4dd9b9b0b0864696a466ac85decddfd7ed56ebf498dbd2ab9,0x81dc1fd74a6f81a1
0x06ef9bed16183eec08f5344a6370a3cd78ba717be064476dc649adbb16ac604b,0x2b6f2fbd2dd27ba0
0x51e72f45a6007a6eac4e25fb8a9f5ce3c3d5f79f7f48a19c5d3c7f860904a93f,0x4b103540998d5f28
0xafb9b0fc4d20d324be102c359d40ecf6f8bc87e0f983274ab4b0baf40337dc5b,0x0a8dea1d47dba0f4
0x4040c858d43181cb65bb59cdc847283f4d50ebbb3e3d1144abcb8cf970a90fb6,0x714ddfc9a07f72a7
0x0c5c234ecbc8ea4fcb90698eb4012e4941fbbe5a3e5ef543552bfd57e30ac1da,0x23291f945dc58cff
0x90f81603448f4713c5898fc4507dcbe28d52b8932e51b0ac3f750fd538f8f64f,0x18fa8c60cccb8beb
0xd3d4d08e614af2f227902eaf140b1c7acad0bb1a11a78f7ad50294e9aa7af276,0xbf0f52507a285274
0xfe82b0c1b24f4f29b6318dbcbcde653705f4a612e882403e9226619946c5b5fb,0xcc39a968e736b16d
0xc460d405534a45cc5741b50fe8bc14320a00c62df13888496b9e87aa8a702a33,0x4de836174519a565
0x2af960dd6dc12580decaaf5acbdfd7cd8be0f5716463adffc4707dfda6f9ffba,0x0e16e35cfaea74ef
0x94dcfb5b2f21c176b97aab951423530d5e80e662eb6f1f6b91a8476b27cae5af,0xeee02953ba5d15f1
0xf222b1d7bc52059cf8739c6ac1eb31b524f3240c23d946356cdb37d1e1e3e076,0x78e9e39e513e0e9d
0x46c65de442335101577adc43033eff9e5d6d6b2c901626e4eb17a17915fb289c,0x5b8137fbe5afd009
0xfab1c734a93f6aef3d3f712aa5e625dd3445e1efb5377c55a8c14c86c85f5983,0x3e42c4f0e003a10c
0x4be3c38c32c69dbcccb3673ca5c731e1f3dca96dc9a86c3996e23beb6af04e90,0x03d0669b72c10587
0x700c1b7e97910a22f9ed9f429b7cec670169c505c9eff9d70c2cd6edfb3fd390,0x86286b6581a1d59c
0xdac4ac3d267d71ec935d0333b9a6ad43206a12ef0af98a9a24d16e521872ecd6,0x3d6dd1ede9646aff
0x796876727dadba5f7339389ecafcbce4c2f62dc12d9b099e27c4ec2e3551d30b,0xa837f72facc47179
0xda711c92d34433d80968bbf473c5db33e9b81203515508677d923c02acf72d46,0x691562528777a338
0xabe6cafb53520cd5bf4ed517dd094a3981f755b178150f4bd461e3ca23b4396a,0x8d039cafa9785cd8
0xd2d7952a4b23dea24f1f987eb26196b6efe65aafa505ee731cbcbbfb640f2640,0xabf05b9503df7c68
0x5faffab9feded658170c0d66e8138ac0e5e47cfdf430247a413fd992bea75ad2,0xc412043c8fcd54df
0xf24d910eb3adf71927814e97df3951577233956b640aa3b648789198d4008239,0xa4cfb1e28fe10156
0x0c7f436114f1c8c1da6bc788a880530854f3d7902ccb7271a7463ced7deb3edd,0x102629a35a37fa9f
0x642299fbf1a190a343658dffd593c62c82ccce11c82acf1565568e138e86a584,0x3ff7c08392d02711
0xbc9fd31cf79126af0b88f7405180a76adf46cd292268a597b42b92a122ddd7d0,0x10c9fbd4ee511497
0xf3d6d8b62f40b4fc7679c2a0765886b1e41ea5320ee4b58ff720ff47f2ac331f,0x88e7d96bf421be9a
0x250529d7f8d8d0bbcf792ee6b30212980fe79f221e5f176122e09e0b39af8533,0x72275199cd771211
0x0ef17ffa2165e133a817fe808c7e52ca6d3207403af3a7175dc061358c3fa5e2,0xf11d4344d091302a
0xdcc49206dd05bad31190e6d2ec2286d7bcf2ecd1a3733f95afc7e038ac2a0701,0x8632322548c3d5d1
0x97aa1dea8ce82d3aec2f45ae9c943439c3d2b6945c3ae8a75e2e81a02b8870a3,0xc3c25bcc8b0a39f1
0xca3d173acd546beae23866aa72a76b3fa744611319c3877ad335360ebb97e2d4,0x555fabd8dd334ec3
0x45ca1b9b54eff20d1f2daaf3bb32cf3e8497827e7962ff1502416c4c5217326c,0xe5fd7f4b1212894b
0x720c55a21b217ed3309c64a2623fa08c68153830a0822f454d30440887e6a5c0,0x2709e48f8c95dbd5
0xc8613fa7185bce03ec330ef6e8bd1298e1178cfb94888b3d3b18b27ce2f7a71c,0x5f232c6d5dc5b592
0x3d1ed3b6854d842465b362605c396a25bef8c28c4186ea822ffd84658355f4fc,0x1098f23dc1fc06f3
0x5b5b21accb3ce8ba48a6e60efce8ac46a3eaef6ded988b982b12299cdca0b431,0xa262ca2a7a5af5eb
0xee58a11f6cc55ae71e98ecc2266ffd053f34e3fe9f7140704faad9b4be9dd0e8,0x66b473b1c4d8f667
0xd0368a1be2d1e57a4edc7b67ee01de18f5894a3dd456d474eb827f8ad38e5491,0x52c5fac62091fefa
0xf1402edb9164d02ca35ce30dde14dfcf753f0c207975e9d4c7806d910453173d,0x55523c6561d2d3e1
0x907e4094bb33ff324397d9e687b7ffcf6a87f0d172c52aa7e1809a1cff4b0ac7,0xb07622948b0c0269
0xa34f0e4bb180c0d367075dc22ca5e7d7f888431abaff923791cdf90e748bcebe,0x1690ee85d6827831
0x98b6d75dc24200e3e8463ef66ed5da88733726bd011f5fbae6dffe2662deed75,0x145ed13dfede0746
0xd1088a3caad59e814af547e9092382c20ad2d12eac29e0b3023bdd333e218034,0x44e03320b831f308
0x054c7f3c3b9c588406df5ad14c0b6397b82079e0a51721bba58303dd9756f253,0x64d91ec46b4c8591
0x3f14bdceaf1ab39f4cfd210ad62aa3eda9a913fc48b08f690e53954bb0b607eb,0x0aa826503eaa101d
0x659f101ed8c59f9f29351366d67ef21d8f0f3663698cd4268c484172e50ed468,0x4a38329af61903d2
0x9d09f6beb553bb217f815cb7fe387976b33f61d7d8288678842eac4b2abb4941,0xc5fc85cd6b8b38dc
0xf9e8a19b38f0b8e0458765c2c69da6fd3050eb51c3c478e6532e1955bcdb3f53,0xbbf02ebc3beb6baa
0xa31d6f3d47d81676ef293269fc0fa026ada1618a16446479da9d141bd2d4f158,0x58eab2f05cc598c7
0x8dd4b88fbe29066b0c51a02d5d8cda73f77faad840f980973bec7b49b63710c1,0x9278da151a6bbe39
0xcdcfda81b138a521e5c1bb5704a352948497ba2c822f7dbabf71b89ce83bdfc8,0xc2b1f5d589b338ea
0x32b7b3f9d02e4bce6f0c24fa0bfc47c07f398e8faf9cfbe791d09a9447a1bec5,0xab20dc64e253ce24
0x8a6d33d1fbfa1784bfb3b7fbb14c0731c5a7682a11846b8260767999e13664d0,0xbedd4730376035b0
0xda6308caf96786b9dc907e794452d7fe55444fdc7547902139832c7fdae64ca1,0x1f7b6d6e530c3581
0x7a4143cba6c72a0782da5afab2b0de8d347840d8f45c30f804cdc76bf5c20203,0xe1e996eea9fc194c
0x17dcce39a956922825f2b09e00c05e0cd89179eb5b5769c1f4dca9eaa86c28ee,0x5810da52f23aa55d
0xfbafb4b7b6f6789338d15ff046f40dc608a42b1a33b093e109c6d7a36cd76f61,0x9f63aafeec219854
0x91c90676cab257a59cd956d7cb0bceb9b1a71d79755c23c7277a0697ccfaf8c4,0x7a41b45da923813a
0xc8c7f99d64c6678ac5910f569167356808550b4e8fe22e8787963a62aff66d88,0xac97d2b83e681368
0xbbaa5d5fe8ccd490bb00f26355daaad7fe301a3ab719f9de9a9bef7d71b2c152,0x10a5f723d6831c37
0x73d88d376f6b4d232d70dc950d9515fad3b5aa241937e362fdbfd74d1c901781,0x1a455280001cc3f8
0xf93283571ae16dcecbe1816adc126954a739350cd1523a1559eabeae155fbb63,0xce2e5f5e58d790e4
0xa919e613b66631f2b5c5f53706cbed6669acfe0a5fbcf70371f65914e3dffbee,0xf3be6d7fc4ef79d4
0x7219bce6ba9cf1e10d7e93e612a66cdb5553d502df5fc4cdfa908e63a549f98f,0x7d4b4d2bb686d0f5
0xf2f46e32dad361ff65208d081fc9474a44ac8ea6959f7af6765f8af3085f417d,0x7db4d0da184e3037
0xdf7112abcbf6c8e0fdf236ce42ca0093f1021df9f569106a31c215952f729e16,0xd248e68f85c01f5a
0xd969e5a75c7fd07a50ea7c1106a91f20b3a911bf66b4e3d6ac3f4c8eacf000d2,0xbe1e3a176121c9ac
0x8d7c7ef22b9ccf164a0b66c27e2630472ea8ccc6449d45b5e244d00db73bd0e2,0x3e8fe876abc4d72a
0x399085d6154cb700d3a6b5ac88861960132eb617418be95b38f284eefe24f3bf,0x62420f7b96ae10f5
0xc5f56dfc80b2ae51fcdc3f585f9b5ee5870ed28af34240dc7033fced51fb2034,0xaf8b8913abb18374
0x3ffbb968107fca6052ff609b6a8478ae9b915a88a3a8f406600aab793cf54d20,0x7a7798c8d78b985b
0x660cc186e2c5386fdecd98a65fd87ab132c5d64c181b7375323b90567a011fe8,0x4bf8f2abf6688e12
0x7e0bb481dc61e635fcd2fd64c547864c9adb48d16b3b1776a440a929b90c529e,0xcf5666e8e2b7d189
0xde26531eff4a2aba391e4a3017d37062a793d237524feb87e5ceeac691f4e0a6,0x83e7469d5b2011fc
0x80729dbda6c097731415041e001a1c151a42d4fd2b408650a6a0818b42c7ddf8,0xdfe5867711dabf3c
0x0ba378c383efd5f251b021bbca947b294b18b7e63ff52dcd2bcf7fe3b5643a62,0x34b51633eccd4c42
0xc8714363fdc61776fe0ba5e9567d00aeb6fba56c312fe330b066a1fc989b69c1,0x4cb9cbd5cd34c192
0xf1bbd59240096c0746c3959113eff40d3bcd442df7a959f0485c578628608a07,0x2ce456a944e14657
0x0bd7250d4f567367cf1d35cd6e618b13cd809506bdb4f23faf52e0f8d3be9cc3,0xc5db052196562202
0x2122b297a36cb426a26d1db73048a0d36c670b9844699c75ab3d3479184fd25c,0x841ea0dd83dc12bc
0xb3b433c1daeeaf6ddef59bd2e829f46d4bce85dc51d28c4b2a57fcc41e72418f,0x88b8595b83fc285a
0xa6bae7b4c45c9a3e4061c7930ba4eac129b22a2499858005bf739723d3681126,0xad78d2603381fada
0x0540bb170aec9f1c72db5096a8a49100cdc6fda2875713e95e2b989810ace504,0x18621bdcf594e69d
0x84817e0791b885e5ceff71c1ab9537886f27ad1a5db28d807de9610981526325,0xb40e5ddc2c7d33ac
0x9f892da82ffc7915c965706ccf4b96bfa9c4f9baadc734b6c35b675ff4ff8653,0xa8fc3822c0a8d634
0xc8d94a18652f50fd5b4ec63279f2cae298a14d8fbc95826bdddcba742092c575,0x70ff6f2fcce71062
0x027eb2e0211774c90f91eed3a8f8e74a5ac5488e6841b33865de4c7a6438868d,0x8acb2e5b9d602445
0x141ac671b525dc4a8016e5af944eddc7c35a9942cb1801c601dc1f2de60cc36b,0x448ef2eac8c543da
0x35e343e1f117bc7c973a23d2a37f57d7b0ca3cff3bc4df50a60bc89b1f929280,0xf57fa121ea5674db
0xcb992b3609de1f2553d9a5c635c4fed13ae663b9cd06a05c240609ecd2ee8f3a,0xcf9422d012bb5923
0xac275166a28ae4575158916da67a28d67239a5cdd8d6d5f403d9cf330a16fb1c,0xebc2ac2396c1aa78
0x9e7ce2263cc4b66495004585336470e9bf1ed460795a28ab2951a74ef6ac1873,0xd54ad432ab55f607
0x34b92009e1064b839d48a4fa5425bebb9d2afc7c355d6ab580e1ecae69bbf8fa,0x4b0367364981e3ef
0xce4cd9d035940d4adbe6cb185cf6a062baa9aecc17295345312964dbb7c61a7d,0x2010141e49488e3e
0xbda8f7971175b9813c43137586dbd25180b457052718f33b0a1cb17a7666a522,0x5c4091a397b4077c
0x3c5fa62b51e25a5887e53480b9fbc3b27e50352d1e3a02d603cd890a1cd5704f,0xd2d7c0ba34eea5a8
0xaecd49aeea33f24b7195b12f9f77468928176ef21f30e8e19de9f826d06b7e11,0xaa1f25713b31ce57
0xed23591df950519324a7b840e1d11988ca998524fe758c7057832e2e8a5a9b93,0x20396166d0e42663
0x7da111e088affb08f6c275edb6b33ef0156b0b730806930c242b6bb39844e689,0xae4258b7f008d9a7
0xc30936490b57766ecdeef20946b95828b662f55680af0edb54efe2181f446657,0x023ac9b2c1938411
0x5feebdd131861d8e81dee3cc2500197dd09d2849bc9059daa217bf7ff10527c9,0x7723a462bac55a3a
0x801ad78c06ede4ee608c9faf6da2448be9a7728527a0983120251817f552f975,0x1e572bb43f56d643
0x2b906c07e04517be9bc29192ca072864f888349ebdac012b83b02e0abe8c7a7d,0xe56e64495ea8eb93
0x1fd957136deb95751aa7ff8c3de302df134a662e8b26a426b11c4600b6e17846,0x53b2d2c028927dab
0xb109cc6e047077dc8499adfbb5da517a5ce6d088bf52c8df428bd1d9ae79224d,0x9a2986c79e8d90ce
0xab14ea530f8686029ec8602c8c5581caa0a5a53b405b0d831a197506f92ede87,0x66085cfded9c9823
0xb791099fe329b209e9141ae6050b9709b8fdfc5295c4c9537d6a7b3d9b829a61,0x36054d716eef5f0b
0x9a047af0b7c6e44d6e058c9b249370a5f36f57517ae2f520491045ac2768f5e8,0xbf95ca937d23914a
0x921dd5600909374d73a2a54a54139ccd84ed3231cada6eb890df3a497655d7d9,0x031fff00688f4341
0x54bce1099400a08fecd068d027bd6598f77052165a631885c671c0e5dcf3a4f4,0x09908857af194438
0x451137a95decd4f1417b7a704f1f8322e5c77b44b525ce23234e89f8e123d4ba,0xfcf96bd23332900c
0xd3c3f2f0d5001f9edd02955fc185d8cf9692f4651c54f0a89add3f207d60d33d,0x36eb12587ee2ba8b
0x257142563239ae89db4af7834ab70d187e47012d816f69e3afe82b974f4e38c6,0x8c0976b331a7ba50
0x2b6e0bcc47a8d95a92d32fe8e7e9179c364feecad02c7ccf3a5e3129acb609f6,0x2d31bba152ed5949
0xfc8e7447c709fe60a8845b79082cc455494890a821748d980e7745c2896e38b9,0x8ae46ae34ab01c62
0x7d9bc6f21c3b264da61810c4ba2eca6c77f41295e4624da7c1659027d5686325,0x2c9d9f1eff28b750
0x36c86ba5f0ad2742a304c093455161ea37a36dc44bd464bf7b66080478d3fba1,0x7c3da6ba6b06cea3
0x031b03f4b210077d2888c75126932d3ea5c31a51c2eda1595082d7310c75674b,0x724b4278267630b7
0xd2de1580c458f868f305e48d22b119e8c4c44b25a700966cc100a3a53783379b,0x2f3974e25739058f
0x98b99138ad501ed779c8847d8b7efc8ce2a5a3e6c0b1c95617d74abc3ef21dea,0xedc4ea273486b9f0
0xeb5316424213dd187b6e6d86ab9e8b5c47dafe6707458cdc738d4a9327b15519,0x4b89ea63870ca45a
0x763b1503131ee7648579fbbf0bb0e18bab9045784067529c1bdd0e1728b1979e,0xeb882e2ca9961cea
0xec0db32831d88fed5b7257d00b68afd2d7aa763b48124206778c7563d60de504,0xb5cb5231b732a51a
0x25275cd15859994b0de3fcc94a621753def7892a17d5ec4887af0eadac09d6e9,0xc7f0e24688993420
0x30df6d9a9261e2be7377befe2afad2756107ec81e92e87e6a15f67e2e826d5ec,0x20b71de0ff101fa4
0xfeff5d6aa57bcf65163986bf99e0fc79bd9f439d35ac149d66e43d3ab94b79d6,0x8fcd9e1b16dd3605
0x1e0642b2ad12391deeb0e745f48ab0dda34ee472f9385a50d6b3ebfbfaf19824,0xce79b1de071bceab
0x5f713089b57b95d2f210fa616a94bd039b9bb15a0e05c9d33ba18b688c8be59b,0xd4caee94b8e267d8
0xe98a4115f614860dcf8d03c40274ea8fdf62f768d92222c9ef0ced6241f4a93a,0xa71e5760f2f82e6a
0xc0e7caf4bc93215d1665c0a8a288f99df15d5276a6a98ccf71b4b4f0d7008b75,0xae3bbcb8a2739b73
0x6af539e4de4268b20713fa8da09545b120b641a253275a0095b5e44005050ecd,0x4b22dd9340b22e12
0x64d4379967c141a5f4e7c9dcbf8d25b8b29647a880e8725452f5e61bf874781b,0xff76b83a1bdc2f9f
0xc541135114b4263abd0809271a399e1ad6989c2ea0c4765d0719a8564df6dd7f,0xfab6c82f181ce97d
0xa6deb322be0f7c8114569ab2701330be436c23e29e777ca7d7a9b50e0f941d34,0xe28d60a75d0fc7ab
0x18670a1e6808f867a25c0a000551af5abaf30a0d5f22dbf0b04fba5dee545b5f,0xc391e73c1ee7b378
0x3e8eb6ac2ccc0094a8cc1012c29be9555367b3ef5d884e39971948738c295070,0xdd464944af4446a3
0xd8e5b96f1cc13f2e88292ec2566a520117f7a796e99cd65d5b9138d3a9d53989,0x6ad9f413fee2b410
0x4016c7d7c386e779e5d7c5d039201c199a8207681344f9c5e84bd50eecc115a2,0x925d6f8f611d1fea
0x018952f0f1991faa8d16177794b8492fe1b2fa249a1bd78134d89d2e16a691a5,0xf995828fc19a4b79
0xa662db2d71b73c0e89146f5432171cce16a3cdd8e3ea83c3f6650c5bee9ef195,0xd7db618e43fe7f31
0x5c3cd5f49d91b403211cf3ebbe383d0b55141beaca134eb3bd74cb583edeeb39,0x7b17328d5c3c858a
0x27ed89dd9819637e1d6b7cd2546c899902507746429803af8008e18e40522d6e,0x21165ec58ba1bc47
0xcf157c91a1354971d3ccf45bd84df86f01c97f4595230c01a578876dc5e8cb1a,0x126d02e5ba518550
0x297740dfbe39862ee22d3e57167ea37ee1602d524c9ed5675cfeea2b9ff06794,0xb5dd75c7e554b5bb
0x4753e68f67cf6499e5bf1c8179633514d12df0950357c6c01a0f2cfc43f66687,0x2dd40f059f83fba2
0x2ee5667cc35843e1a754b10fa94b2706954ddced61637cf37fcfeebc89c5fec4,0x7a85b36210b49219
0xe470613454a5cfefced642420840d75aff25c319bc020c45408e68edcf7996ed,0x2c667d6eeed0162b
0xbb60127aac23edffabc93ae04f5123dbb7dcf01d300b88ebdad0ad14f6fe70ef,0xfc6a261c028afe27
0x13bc308639ba7480e2c323c00237f7d4a7c027e807b6bbcf112decaa1a61be2a,0xcdaf5801311fcb2c
0x90dde5338250d593320ec44f417f78cfd6e2dc4b4e1407044e02356ed84d5305,0xe69759cbfb0a1332
0xacbe89841938b0358a7c7d9c86fe23b4a353d314c7a29d462061e1495d104d85,0x4e6c046bb59bc3c9
0x57d3fb035ab63f7d76bdfc974e0b2059002d2916214ff4e5f88dc3837b61f4d9,0xbfb61244bca1c073
0x42f8609ff82f458b910dd62b81d6667f382a8df96aab4a21bbd301fbb8cebf27,0xd6b1a21bf805a368
0x702a29fbc5d325d6d180ee290fb6405712519e21733bd942134153175098ab36,0x16c363c3bd624ebf
0x8d0b5a0d597203a03e7fa2009b334c04305710c8d4f7e9fc74415f632437c45c,0x15438a0a36ebff10
0xca8ffaf7cfe3a84d65e7061a999feb88f9799add90b35e4959c6c4708e2be9a4,0x8830451bb240ecc1
0x9cfcb4599028409fe205eb5c1966c6b8b8139992b38abafa7b87ec52a1f97f30,0x1a1781c8ae7d8266
0xd99ace49e5b09bf7733aa0d1274896a7fe39b73fa593d7aba1accfd9c0882726,0x6a046b362b075110
0xf968eb8eb408b48ee66a17b6adcc963d2fa2c6193b6bfd1acadd690cd97ab990,0x97fddaa0bc6c509e
0x1de871606435d7de36f867fa069f8ac299182b6ee99726763a3ba9ddbf500ba6,0x82601390b0fd1b86
0x008e65c72bf5b7d0319704cc36dabc8a5039472ba2c9be8cac49a2cd87d6720e,0xe6169f92ac0b9bf3
0xa44fa06a3b921c8b9b91fdfb437a79731850b6ed6bbe4122b7a0ff84096b1812,0xea66c04b93ab23ad
0xe02f309b69ddd06c01defbea2dca9f1945f8fe63c5c5fb8a9c90995ac90b043c,0xffd81d9c900db71e
0x618d69b706fb69a3c88dd9a9204087a663e64a576acf1d9be548bba88e439cbe,0xeed71edbd52a476d
0x8a353df2a33e127e31fb46c23ca31179d80a0c29a33858f235be3ef4b568d476,0xe40ce411b1d67744
0x25fc3a6b0ac7b0e56c4fdee15addd09d2014aa6aa9d237e95c3e0377a7596a34,0x9313fd36262f4457
0xe34f8c7bd9155ab942ac3a733519149e4f234b8ea8c2f62f029ffb26101fc4ab,0x07cf9767e03ed3f0
0x0a0cbb30c91db843cc26eb584a960b2e93bdfb59253dab8c3427441f903b3a96,0x3ec03073faf705a8
0xee6c2b9b18c485df607744a31bc0c8c1cbf5fcf2449f62bf98e3c89b306c10a0,0xbd036d386083e7ef
0x37841815ec2594f4744e2c4003f0073fa6972bf22c5b64a8e8a10e4f2a114d2b,0xa76e131415cb493a
0x2283bd9373ca96b9b233655058f2f2169495b0db692eb68bd96db0ed0654eed5,0x45dc5a29b66f50ba
0xeae8266b7462356e822d4ebfee8cd046c295a615805922ac7d5b614a0893b327,0x4ee18973b2598d0c
0xaabcdddfc28f3acd3ac07029205781eca9cf8ad80d53bdb26a541af74153ef7d,0x7d50bd3cefa591d0
0x5d1dab7470ed7b39a15267cf4699ac6aff86a50c4fbbef8e0ccbee00c0d21239,0xc12575dfadf7d569
0x3de2a7594c7db58b8437617e452ee80c1307cd71da9a9e83ec0650788a4cdbac,0x10b654cd26e159f7
0x35cf6acbf1798859458a1bcfda88f962d833afaad9f616a4e6dfd1a7a974cad5,0xb1f220634a0415b9
0x08f3b6ba2f4c88f38ac85d78e674855911cd4e93887fb3b1ace437b827e28d0d,0xa9a4aaccd9f20421
0xcb9d197d8e7a6e49539f9383221efe2088f58dd1ca5c8143f9ae5887843485ba,0xd7d80ede5e3cf7b5
0xa2a48824300a42a4de9bc42481be0da451eaefa31bdf4c1a21bb5a3ac2beea14,0x912d2145c3791e0c
0x011a422b21ebc2e285e65800527170b731475080bc682bb844743d1e1dcfb1ae,0x5f9f50c449ec03fc
0x27f6ac46bcb33eb1125f886022fabf17b91f9c39bb681058c62be76b37a5d9a2,0x7f5ab71764cc8928
0x519622e117d2d94c9845f2866fc652921fc392e882844c53ccaedc4368a1b4f8,0x9cfcaaa39b56225a
0x255f265b5018c93ec5ecd1ed4f7b503f6520c4cafa9e032ff756e2727aa743c7,0x188a7377f77709e4
0x101e4a13ca54c9d136a50f237a7e96d63889ec38570ec58aa1711b27eb7a2060,0xa2ae36c98a5558c1
0xd63d6259e7a8e643e1b39d57de9c6f308fd6903d95dbf7d961e8556b578777a7,0x0565095e0b38cef3
0xa7d2d50153f2c77af62c6f1d3174bb287283daf1dda84e57f21b37b650df77ac,0xf5741bf536a4fe06
0x4476be2499043700388846b61eda4fe0d073b31a902d846324994976d2a5b908,0x8d513d202a70b83b
0x548c4ab01ea1ee7a5cbb88165459facadc8f910aa9e3302d8ec03684ff5618fe,0xe1484d9504ab3d1a
0xae29ad62507254c47d0403139cea1eca0b12f6eccaf75d9418a5fb21f0774e99,0x273d5b496e5e4556
0x0b174597619626ddc3ba1f19f67e215695e945356706c06a5ef840fd332e5bca,0x1a10dffdb2efa1bf
0xb95734f44e73c6532bb8db8f0c9ed03006cbe94280a9af4a8e0927c8776c8d6c,0xc6aa360ef8ff9875
0x378350ae30332e6b51b24beaedb32df6c90b3ec0b1e158b84bf1fca340ce69bd,0x897dc102bbf9a258
0x8082941c7be265e613ddd8dcc9132f758f6f046694650fed714078d38e82de54,0x41cc18c8fbd8bac6
0xb3ea80d88952fd1286f22325e9f01dc19a5ac6d127083e687fb67d18c0acdb1d,0x8009ed9cee53a7a4
0x37bd8cb4ab3e721538d492a30c0942552dc77a0809eae885a31c97ca3c35cd1f,0x98b0733dbdfceab4
0x4a865ad98c760c541bed1b8298cb9c59b58be3fd68e7bd1653c733e12d3fa867,0xa42d2393fdb3a515
0x6fbedaae2af3e98add7b9c6ce756e8a392e733b497875fb7dacc48022364b292,0x08e4f1a2062bf4b8
0xb278a302d1022ac0ab0f98dcf61d0ce2bdfb1103054dc2856b700c7d903b58bd,0x1caabcb58eb57f75
0xa07a46b9d0cafcdc0d8d9e7f79caa56305d832c699600b519d0ac137b614b7ca,0x44afe36b51af56e7
0x34e0734d574da7b4ade37fce6bc1d69661d96bb0c595e0a7e3a0cefd054b9e7a,0x9f17826686efa39f
0x7d11101f56f5b7871fabb5ed0ffd6325b1df085ce9f10829439d78ab5eeeaa83,0x1d2933ecddb4c55b
0x8d73d1b360094ebdb3005580638b24538de0306c8d6610fbafd1d1a62478b624,0x1bca37c31bc675cb
0x5603c7c01a0fe715e3535e14fc9224acdbf2d1ba3870076fc2fd4cecedf06acd,0x5073a4a0b7e82770
0xa8d764fdba29c9b8ccb7065f417f114063131d464f90880124a7c6921e8d71de,0x5aac020d30131ccb
0xb0f74b4bee2613c5e2360afec62ad093d0da1f57d61d4f3568e5bf32cc3cafb4,0x475feaea46fbf0e1
0x2b60bbd2b2c731bf1d11cd5811b4a5c735f9efcdcabadd2e614196456151a8b8,0x05db8203210ac888
0xc474b8c136eeeafd4bbaed914c3b3c7927be006abeec13c8ae7bad1931c94863,0x7ed367a7fec35ed2
0x7e3c2114f6571df0c7b2a375f08c3016bdd7416b189f33a3784f676ced9d30f9,0xdbf4548a0d94eb24
0x3b78f2bd6cffbc8148be2dc1b93ec94d6ada7946ddf1fcb7e206ae8e9dbdaf23,0x8df67e76a528cff8
0x43c85136474536aafa1e258056b84c435a903eaf61bcbb8f4054e7c99ced680b,0xb4ef71ac24de7edf
0x87f246d584ae65e02fbf9289f1ea5aed3b6086ca1833f704d0b353799e4389a8,0x4322d16f45dc0b19
0x2df001a93fcc9cfc8e3f174fafd012585c450eac86479a79b7fa000954783cc9,0x643d35f99c5c46a2
0x006aab9e4bd0191d2c87d057a0852c45ce0b69cac5e64e95a9d4eb6e085f5760,0xaa30cb6126ea5c32
0x32285339eee5539ccfd010a86cb88f2f38b60f1858ab1e51c3a80ab14e0617f7,0x8752704594f761f6
0x6fcb831fd88566b633a273447b254706775fdab8c155bca39544af4ab8152745,0xdf669336f74393cd
0x162b932181d6840ddc6518076ea86a8c1ba3d7647d9449cf55882352af5aa773,0xdf062a9e9d5569f0
0x3cf48ff5dd20dceba57d57d956ef1c00c11b9b859674d6f66e5f379a18e2e29a,0x87e114ea8c09240c
0xb9a2b9d56fbcccbe10729019a3752b794ec052f3bbcefc1bb0480c9a81579abf,0xbe999953bbcbc561
0xb54fbda21865ad1bf60c3fafcb915b78fea34f45096fee7446798f4e079d2048,0x1caacf74fd3a2e3d
0x54dc82b9b959894c6a63e7e9f89dd3616106af327ae612c026d2a6de324e9876,0x8e1a8222c9d4f0df
0xb5aa3f1792f3e0b04431e97dd95ebd78c0e22cd46ef1df35b4e5818371ca3d4d,0x0cd6d77b25474778
0xf0023c23f18c2d70da06c4823f769b0bd71a9d40b9e2471e027c4eda368f7449,0xa097dd95028bcb55
0x64143b40c07c594c4fadfdaad7a118024a3e69679360586cef6eff9576e152a2,0xfe2d7874ea18ad18
0x5d30f7a86dbe623edfe5281c79124bfb194819977332d71bf8758f14a194b71c,0x40de742e6b9b0f53
0x15694e51149523c0b043642293f0b6e08f79b161d0c9299243905ff2b938c3be,0x201d238893d7e02b
0x712f514e92e751c9517c6d8605d2af0df8685b68adb2889133cada55dbd3067b,0x193554e73b475ef3
0x554243ed189bffa984c286ccbf9da4141c5e7c74dc00fa6337391fa5d9af4ceb,0x4a5e48c70e822fa0
0xe1cb65bfd1776069eba2c12e588bd992fefeb9912399af1ec1e1e6d23704162f,0xc441f962777e5d5b
0x2c4ce6b2e5fcf4e2fcce306c28683997bbfeea0c6fe9f1f76182fbfaeb8a6edf,0xebd10b8a59594fab
0x88f23f1f7c519926c380408dc1f765f24557d41877e81d7dfbd198de76e84fa7,0x556b32c6dd14b9f9
0x364fbe317a513cac513f268d5dbc1b2b62c094ce888d633a3b90b5b4cd9dfec0,0x021b23963bcab427
0x0db15400c36545f0af7affa749906aeb6176b6b9bf60f64baecc1c1e802c2ebb,0xcbdbc4250579dae3
0xa92bcdbeb27d3d6fbd1a643769c751af835ac1ff1928db19ca7b786e504f0447,0xadcc9f39e1fcf8b9
0x746c9c513b98de4356f84670986a025de67e6946e094678d3454380b4719c18b,0x006e5a1d47075ecf
0xa29f4229bfcdb798f4b42a31b612beb98b264e8e4e0b91c75216f18ac703f621,0xc34f7d409e1177af
0x087f05dc533bed9b59f0e6a4171b34b9f5037a04f3187e3144908f32b41707eb,0x540851367a35fd09
0x995c29c653d17234851dbea31c3da45ca2d743a4d575e61db0959476d244e14f,0x895f5e5a8d3d7571
0xec690a55b3d4a8f662a192e6c7be9c17d0761d05e151f45bd4478be749ef155e,0x4c1cca7dc532ed38
0x1c769402fca043746e9aed2b46f11ead80306a25a60acb7d007eb8d79d849537,0xd10dab81b81be007
0xf07e928312f3b00a2465be545f4398ae901d5596cb813d66fa2c1b7c575b75ef,0x1127db8d6146268b
0x8a081070b82c6084f739c648328da7f1d096605f7fcb450b8754c898445bfea5,0x7f1c93f3d977ad80
0xa682b20c110b5a484a2b5fa51207a8cff89d38e9351d7703366577eea2b28294,0xc9af2a3ac0fcf15a
0x2a81b5276c9925ee4f0a8d69d69b22eb73164a123197cc12e376f43a44295a07,0xdc247ef9fd5ad623
0x27aa89276ac9e838111f38b96df8581b79c4af7f57bd53f1baad63b31c63c233,0x72b2c302d9720d7a
0x82e0f6a20574423b3f38f42d0c3b6f5849be31b901b47a791f0c6891778a3d66,0x03712bf833ba5025
0xbe40ea780b1c3d59d8fdc71b2a26e7b0ed683da6e62efb4ef7e63ebb9dc78314,0xdec7051ad9f70844
0x9b8af14b56f8027f47e4cccaaf487ba3f3cfc662d2dc5f5268627838ab051d5f,0x5b4c43e112694903
0x29208d5dd97b54a5658c27405da358196634b90548e52920a5a932ba16ca7d6f,0x04735254a51c231b
0x088e818c69019d0f61d4d56a1c4609fc11fa4a3ce8c0ad023df031fb57424e57,0x26ebca2a65f54310
0xf6ecb782266ba6615ef9a88e1e611123022c9ac30895abb1bb931875b1176c34,0xe037879e2feafc25
0x7cbcc44bd8707a4bfd1a6ddc7bdfb090e16dc8254c0a7dd0e1a2659e742326b6,0x23a116c054197793
0xe021c835ebe27abaa84b5f93fd62423246dd86f32d148c547567fe99fc3edfba,0x86e86bd86201eb47
0x3ba69cfb96b6ef9e7b04ab58dcb1d8c98cd8e3ac80852f75afe299aafd833578,0x9a34cb92d9280311
0x1b0372ad59159c4ae926542d85b5705a411e615d626c36228e902e7c32631740,0x37cff8ff8cb07381
0x39c00685c2d00ed8fdbad55d373deac6e83e5e78caab83f29faec2717ee9fd1d,0xe0b71ff80f512b8f
0x928565d424751da1378d7519bd04d4d59d0bd86979a570658a09e0ba212d6093,0xb487771da987c862
0xb15d4362d3bdb7350647ecc2df12e1930144e757abf337cb498f4b1b01dc7169,0x91a77d992c326122
0x2e2076d8318f0fe385953bc15992434804aafa8afcf93ea5b3da83eaf0ad5e4c,0x9f35678cbd510fc1
0x70ac2f6cf75660c1922fbd2988f22578e3827947a6f16e242d2dbaef58ef558e,0x0ed4104155c138c8
0x0577439fba9dafc52774ea8147f914f04c04fcce9a8d9f4081491ad386894b06,0x4be31d2b9f43bc1b
0xdeb96e94cf19cc32d490babd804868c2b6605f72afea08e31baac35781f0903a,0x5235ef1c41a620c5
0xa660834aacef0c7e3ee0680d09d64ae958fc94f4633d9fa1cfe7b62c29f8f851,0xc49ca7b6bd660c65
0xfd23e1b13e93e1a860fb7d6ff407967c9c389c1ef8b7bc367b09ae2848930416,0xdb53427e1651f111
0x96bebe11ea66c950b4a73eac3f56ef4a1b6ff0a4ec536fc35a052a33817072b9,0x548a390404549119
0x778447f03777a70c914b0fc23c4403dd6251e03371c29f7ff0998eb60e223e22,0x4e1c153620d4399b
0x62f902bf050c4877aa75378dff8e2d3d93cbdfb32ed16bf7a7e853519da6eccc,0x4d575d3d7bf11bfe
0x6639aec5ed7a01a0f981b09782ffdae3c7419b3f7ca62a4d39c39aefee5674ef,0x50965e40f16496ac
0x8839055e7beb14b56624c6dc1879554b1512dc4843108a3610b0bbe17dc0d2bd,0x3b930f5c7f537a58
0x6c19430e739356b920d305d5b24f13ca3a8f43d60d39b44ec7a51f2705c9cec0,0x2274ddf7ab735c74
0x53ecf8f39018e470d352ed8b19160b4f3772ce0f8494b936612295c952d4a087,0x57265fe19764194b
0x7edef192325eb70d8183ed4b56b0aebaa93f8c822a381ee37994c7549f36c826,0x696c33b2d9fa920a
0x9039ac7cd27781c582e4466ea9b9cc4a49dd0a5b4a53008602f6ec834d678c45,0x7bb882bc44371a18
0xaf2fa33c541d2dde09d919270d07300e34ca77131becdb65d73a8a91f937346e,0x404293340d87b944
0x142ac5560d5789801edd36e06cc6ddfeab693e1055445722e39ec782dbf6cd92,0x565a3260ca9cc01e
0x290376c26718894303b44aa6c053f3d2428c4dbcd00f17b6e7d9735926ca082e,0x49622eea23fc10ac
0x822b00c1a53358bc890f255b95ab18598fd07c27c5247fa5878de1007bb8fb34,0x74043c0e72d93216
0x78f6bab53f22afcac7051382c9cc4c9d53eafdd895941bcd28f0faac4f6a5829,0x831d813763269a3e
0x37ec821ffed15e5ba89a83f26707091a90e4bd8ebf6fab78f91a5680459f2a07,0x975f4707ac9cf299
0x6d9092cab247ebd9488a778289e1a0690704d68880a28540fd6620cee53cb9be,0xe5970f9798659806
0xeb8bdf3fea5445b1bae7557f995fe9df5b22d31895a049f55d604785ca087ef6,0xf3db4eb3782e9d4e
0x4f94f1bc74aa2f8a2c752d203d0cccb600b69be87585b65f95c55986bfc0cf7c,0xcaf802c80a150150
0x15024d6321e505f055aea36e493e606934d519954ee8b097b79145d8d49db0aa,0x25dc98e49f73a9cb
0x7378dbce9fda9d7731bb5f4f629b4148356bbbefd7355f64adea1cf2debb34b4,0x771db9c4b98a9054
0xe462d3402dcf87487acb468a78cc6f556fc4e64692f6b973bd2b725008d7c63b,0xe917987f75be2c46
0x750df55c8a4704db88f2a6983f22d1982853498f22ae130b3e761b9899792a83,0xd8fe0bb63d490f03
0x403c44d944cc94832df2f6eca8b19216c9d6cdb23fa98c13ed2808f60e1c49c5,0x195914f07ba3caf2
0xa6c478b16fb79115d6db78e840c01abf3ff9433bbd9bfda540333135657003a7,0x476a9e93db4ba70a
0xf630b7c2fa42ae61f4304caa008051b4c701a672597e45cf0f032ca065af44a5,0x29e07de4135c0004
0xe1c2eb1a778b0f9ae8b34f9fa87e75ba3cb4b6235964b294a95c892eb4292057,0xa998512829bdf8f8
0x2fc222a96a37713ad21904445751f850275b8d761ab964bab82fd0620530660d,0x2c1af89a98250ea5
0xca084957ca1ca6a1cc787114c645355ef4942de923f51541254634dcb7a2152c,0xd435141d6babe37c
0xab08aba3acefd4ab3bd50b17a3502a6dd000e570f20f84e3ec67633dad750085,0x7c53e457e9a2877a
0xf8bc2c5c230660a94958e2eacf27b32a1f67b868d64489ec6c1a16fe41c4da93,0x1989984b7887951c
0xe6167071763b2f423e42df21d638b28ff0dc3e19a0fa196d7a566478aa46acb2,0x5db877c6029e0e9a
0xb07bb4c1b111702dcfa799a27e59dfec6f4212c2b69b987d93eff210b774d028,0x79d1176538b31006
0x46616d77ca54ac542ffdb8e6dfd1d1cf8d3c3fbb6fc12c18791e782f994e6e9e,0xf38e22e91badc949
0xf9b932d3e0f28c0af513627a12ea34f36a1841e383611b6521824c0abb7888cd,0xfa17e6aa540e2e53
0x5da4107571b3e2b21a8d22c7582b774cdb2790fb8b60b1137421af24e8919e14,0xfa56b1a2234b58ca
0x6c70df9ee5ab8543d02b57f4489cf18f1c15bb2b5026c0890fc3891194099753,0xd21425c585bdc42d
0xc2db96130a2524528924fe2c9ee76c28fb9de2ca9facfb2f0bb78009a0eacf0c,0x232f95dfbb543b44
0x379729df476cf3b5bd12c5040eb4dd2c599185925357e0b7ee54cc8c757f4aaa,0x70dc5e8c14cfa4a2
0xf1f8b9b76e97336cb9007af39f0db6fcd9fa227353b19e6c0a1f0ec8f8144596,0x7d9b574b646d6b9f
0xe3a9b94f2db59d97804ec34ca49519c513ede0cc424d667127d66c40297ee731,0x51c27bf140ed5f2a
0xe88e61f33eef5391dabc2909c4f170043393908104cd77b2e7c72748b072ddbc,0xf9e5a619a8f4c2b9
0x75a69099934a57efe149e94d55c458bcb379670cd309b38fef174fa6832e0a0e,0x0700d61d812024a7
0x433b5c3ce588eee424237c19b9ec5f2b11fe016f424e44cb0cf27ec696c04f13,0x2ccd6aad423f7888
0x651b924f5eb39918ee8432119438ce4731bd5c78a1cea53b057bc4b8b659fcb2,0xc6eb50c3764b9d13
0x05ed6f9fc0c6dc6786d12d6c3ebe7009e310849b4efb48d98365574223e88c71,0x33425b5f0a005c9b
0x151bc3318b48676184ac7b5c130ad8e05c8324a3204dc4d40d5394683db84837,0x956e17104c9908ca
0x54c38f87035022e6c57d0c3a3602e39487a944ee036fc85bb53cef21bf41fec9,0x3314759e32526038
0xea517c8b9cc0cf2d1d1f8d4f686991393011afc40a89d64553e46fb1a2528015,0xcfefd2b8a83ff97f
0x1fe57992821988fa285581b6f46aff4998185d8c15d4245e588080672d1acf57,0x68d1d285b798e2c8
0xc2edcf53fd75a400168ba6881bbe3cd17fbc063b18db672b23175cdfb10d2f23,0x025be9240f895403
0x59f78c2698b3dfa2a2f8e70d0c7fae046562633b201825a457c299705a03d6db,0xe580dcf84175aa4b
0x2b4d234f89aa13588a522ccb53593b6fea8feed1084b9f2d40b7c8953bd1ac00,0x95a1d124ae44820e
0x5bee8e7fa6c719b2da92ce3710a43735dd1614433ef8456ada8f2bb842a260c3,0xe65669dc29acf9a0
0x7756de72be52aca9c86d1d1c3f42fed3c3b2c45dba92ea2e1e650432ec2e055b,0xe887f40d173bf3fb
0xeb4fd28e36aee29acba880f47a5dc07a9f2fd795ef4ffbdc0cf2c02e854e859a,0x05f052b83197b72e
0x514011f3d067fa3788e4ea7c56109c055e69ceb005cff1d7271241df624525f3,0x8623d1ae1c0c5df9
0xdf63c0a690861394ca897598e22c38a255943123e158d91f3504d0fdf2feb41d,0x58e4a76a81c30e34
0xa69fda44f2b1f83b8cabaf7b7bc95f2a01e1ee8861da8935c4ba8079d348a145,0x5af6034e3ec7fa91
0x40f0a08eda6ce0cb2b0907755bbaee131a4b5b6ca610daf47f5063c7b7e0c50d,0x533122199e1ec6b4
0x69e0ff7ed8d75449c7215059f04ec2fb6ff9d7c5435b29ef2c65d88dd29f1d5a,0xf7ec988f52e25820
0xb37afe9a2b3b0d3ccae9552e2615ea10267796ad2f72bcb6238a9051f97b4bef,0xc81a905e57eeac04
0xf7b6c0166f1e125a13546a4a64df9f5830e017eca778cf9cd065e8ca0a38bf62,0xef957a5e45544df8
0x472f5bd7db29ebddcbad4e34713b9fbdafd7aeefce15cfe0a2da5fa041850a04,0x1bd33a8a609d4fe3
0x95faa62b2c7fbbc5f97de75cd735279e2920486b51a6f51bb753ad02769ac8e6,0x77f5a283a99828e1
0x58f366b05bf02c28307037571b4a6e0afeca84a374056b9327b581b278e11a28,0x65ac2abb50551828
0xab788c6b1944e6372c49e420854a03cf9bbd9613c271bd66217a352ee2c118db,0xb342c713f3a87bce
0x7fae8ff92d96cb1e20e631e17f45cbe5b9604aac7e03a4d6552cd2937adb44e4,0xf0859b02868c507b
0xd129db91a6e44210aff6d095d547643e4ea550a01c83e3897187ba99c0f61723,0x39c99cf83b338bc4
0x82e7f9e427e36ded4fdb51648c753397e9a8b5bd83dbf20fdbd110126a71968e,0xf74f14c3e236bdfc
0x0f94ddf93f7520a8a541714dd73b5fd3b32861dbc02a992343d088a0f551bb29,0x420fc496c0797d9e
0x0fe22b7f8e47aac3403fda161c096488feee48ec878d0172ee6d5ee1a4bca32e,0x804b53b550bdd956
0x11fd0ea97f5c56a4eb8b8a72d42237e133032d9c5111c69789d9458505e8c278,0xea378f2346fab427
0x01c073f31123cbf134183859fe146df7209c071ebafa431924199d810a60289c,0x4c57fc83498f4e4b
0x04fc78a1e5e5550fdbd117677d07df4952be06085291b7a949d5e076fd4c44b9,0x0b4d787185503d24
0x5b6207f8c9f9982ef6cb0bb695efbe64224e6172f1cf504c9896f7519a600097,0x21e2924a0dcd5e3e
0x6d1fe4e5a38551256c139e5153e307d2b33192cef56dd1bcc7db6cf74e314562,0x8ec369254408e4ba
0x0485896664fd21ea0605010bf6e406c647402589753f78d82589673e13be4950,0x8b3139188dfe5194
0x5f1ab666e18877c5bd2a36be5596a6598e6a73f60aecfe02e0c201012fafa7f2,0x479493dbd745233d
0xf8b0ee65060d24e59b3712a17326fb50c5caf2767f8cfc61c9354092f438b972,0x59429a9a728c9fa6
0x2508afd8dd639bf8cbb7c6dd6fe8b6bbbac73d7c4ac31ebfd1a938a957e2d208,0xa42a86ab61d5aeaf
0x7ec71bcb5b2ca4348af4e3d9f821565f42f171f1f0ebd3c62f80c6b1d8a11eb2,0xb632252f9e5c6f0f
0x43015c12c4ff240ddf014e45086ecc178e202c7060781e5874d8d2f9c5ed92a4,0x3d69c8b94bacd7c8
0xf6dbb5f3673253ea427282414a1809980f36ca4bd3df3067aafb4effafb452f7,0x09ca16a43df4ebea
0x9b07e1d706bde419bf40a7676569a6a0111b81d6d04e837c035a7f7d26078bbb,0xcc5a2f83cea674a2
0x78187d19bb61823324e84877d5bbbd6958c0926482b45b09f48313d0cec1eae0,0x91b3636e1778deec
0xfd8ba4237d7d60c2a1faf14bc29221015d6e4b1e729061fabf6e409906ae7292,0x1d50b6b3b28d460a
0xf29c266fe49475bd7ed2dbff46bf616f025f8032b108a84dd078f063994aa5a9,0xba5982498568c1a0
0x75f9b81ef05d1606327a26ab3375e76b46b09c0e324b59a90d3abbc87788c8ab,0xd19a61122e3ad837
0xbb8232bee8aa3a86f785fee2e3402cd311259f3c2d3c1cb5a77f329f2202d89d,0xe6bcbd997b97b469
0xf61f5e5045354455c36263aaf19d337168d75f321dc70840384910d0fb7d1974,0x9e9b8618f73bd2fe
0xd52b88cf19d469c8eceba375555227338a1639b8aff573bbc82fc6fec6ad2168,0xc4846467ae05cd8f
0x649690dafba0fa3bd8b95f8519a05eaa5fad0743f7a15702923ce9c23ba243f8,0xc2b1caabaa2dee7c
0x7f366beed321cd48bf3c1649a939cd18a6c9e3e6f516825f833c136667224c0a,0x8f8482cfe4ca45d4
0xa2db6e8612a84a75d534e8a2b7b3238d69f8e6b1705dd56c32193a80a91bea68,0xbc31ff15c7ca7ea7
0xa2898822b676950000422aa546e84608ceb99c3cc8b22ee9b1a47c97e59363e7,0x3e5fe6496b6dd568
0x01d9b2a6e52c3b73d53f09f6c6e5ed018bd71d8085ce4f3607ff06f9ad050ae2,0xf9e105ca8f090fd5
0xa074302c19a902590bf869554d6444f5f710958930a7668b7bbd005dd33390a6,0x3d4d784e7e548da0
0x051000f51a159b8c70d673c4127f8404c910bc9dd33857ebe04398fb19d983f6,0x82c73e9dbbcae67e
0x57f920f8ba02c2e5c9828bd9c3cae6891c26131331a4b0013818a2ec58ff1e62,0x81bdc2d168a7291f
0x30414fede3880fdac048ee2a7b21b1a53a90181e349f43f33557477004bfab21,0x6a35e0b2abb554a8
0xde6d787ec985a05df2b0549f12d5765c401898a2730d98a83fbbd2f96cd8405e,0xa178201ac18854a1
0x9ce15636263f8266884126bacdd0afa100f81856a9b9f561b13e85149dcb34c9,0x7a22cfd2049b6442
0xa44420b09468c688f3cd0a65139c65402515ba2feebee920f7fe7101629b8ad8,0xbdea6e6050f9cc66
0x266eced3463e0b18131d67d3bfbc19c3f538af395069027d7186a51687ea5155,0x7d2536f4cb41fb9a
0xeff20ed987a441552f019a7a4da157a98b703b322d59d1718892b409a2defa84,0xdd5f7e3a822d7e94
0x254a1ee64a253842235f60ad20cbc9b3435d2bda960f5970acf6f8145807bf58,0x0cb3e05092604ecd
0xa584246073be859998df1a4bfd5bcbaa5bf33556c08e56172973a12e7ad274db,0x9c3a102c24f02278
0xbee73c0cec47b43890f977a46d27d87ee683b6b6dd6050be463a021bd384be21,0x03d51c0af33453c3
0xc6902703beef64f7ad3b697303e81e17bbc01c324e0da3ee8bf2603b705b1bd3,0x2a0bb0cd21884dfd
0xa91918ac5242855d3f027212f8015911d7438ba3214af0d649c9bfcb2e06a95d,0x89e7e6fcbfcd60d0
0x827d4affa858b80b6e1258a99cea820bd4621ce6e09d708d4242a79da734ab66,0x0b854ef960e18de7
0x08231c8dd309fd51b3b93c13d160b89539b8dacd4a1dbbf9fe4331f34ee8e462,0x053fcf9771bd3b37
0xff484e8233b7057ca8508bd115643a6ead9e0835e6e46c2bd2103e2725c8bea6,0xbf3937f3c8fd4b07
0x2370880b0880e98a23b1f56e528ac16812d33fe16218aba770f324076e9b2fcd,0x44aaf16e73abfbfb
0x19057ae9c69e95cb89018c130e03d7aeb70ff96d0e5540f2d623c8a67470148d,0x4ee42f125d6a5f51
0x6eb38a5ffc059d2968174fe0331518a22738973b427ec6ddbd9b0446913c57fc,0xb6f84c2acf4a9059
0x1a27432add84f7312c67d2b7d8f35b8748338cbf8922b9e81670cdaf89db51b8,0x98b7f6d93c93c691
0x2038bdd1fa297fa45db541ed9886971ef8aec22f0672a4385ecaf1011bdb2632,0x1324fad033e57ba6
0x8ab6036c1f468a03b951a94be832348613d401b5f789e6dcf913e2bc7ec9dc5b,0x9f1782da49b6c026
0x79b07df01f06c09a0de16546e2086772ca91e8a4e1e58fd3e4c374d51ee59e10,0x1a0fe4396b700a0f
0x50fcedffeed1ef336574881f819565a1f3f4974e025255ea6f186f657a52a1ef,0xe227ab59fb9c404d
0x24e1af1b8cf9108af7f58f32fdbe79f8caee27003eec45cd9fb57dbd1fe2694d,0x785d13e1d5790ae9
0x8b3fafcd3cb29d4302e634fe75c671756bf75e4cdff69857f8294ae9ddf19795,0x2be8e0acd4b08702
0xc67f6f48989860cc844fb1e1830a7a6053a611b40efff6b19f6481a8c91ac758,0x42b73fb94b469261
0xbc9ca1d45b05a1b08d18a9cb106bfc955253a44582527cc900c4c296d7a0447d,0x99c94ab27da0ebaf
0x59ca4e6f0ccb96c14f02282345ce0362ee52fd525547f9d3deef2eb5c15bf03b,0x792fbf2cfe2476c4
0x7aa28c7ae984f1df16fcf0abbcce8a9ba3ac538a5548a4912480364158615f7d,0x8feabc356f603edc
0x139eea3fb79684ce0b291a685487a7d1ae835888c240fd6c89985f1fe9260124,0x1fb60e313b975e81
0x41f13212fa5296069d6eb61a620f1312dec0970e840882d5f7f8d53b40a940d4,0xda4b41a050ebb433
0x9809249cd72327e40e372518ee57f4f0cfa4569d367106dce03fb8781592226e,0x22fbfae4335bdbe1
0xc83410a54da64e2e91bb7a6327762b46c92db6ff663793380ee6111806afa3e3,0x92df090066058729
0xcc388afa7ee34580c1306d16bde2c11afc1ca15ed8314e78c5477ffca4cb4f9c,0x2c338b5641b01ecd
0xba6c9c0e8b3a26d4c529b49485ce0dc534831cdf437f46518414487329e098b2,0xdb099954b15e57f7
0x501f714a4fb4bb9d94aba96bd46a62b33e5eaff824cceee318194bb898db9431,0x6e057f7287c19462
0xacd9cb57f2fa4f5b7121fbe86f6d63368667f7734b4f8cd2c0950040a935f847,0x24eae821b2e5379b
0x3117bd3cbddd8395cd0fee6b1ad31613bfa7a80843d3e59dade34d971aed7d77,0xd7475b4fb6ffa0f0
0xb049fd01715289bcb423e309fae52d5282f9d2c235ad86b1bc646bd95f24c528,0xc532947a13d852bf
0x1bff9f581478df07ba90d7c095b4b99bef72b69a4a23e732479dc53454c3f6cc,0xee0020a7b15c613e
0xe510f9d25d17f6b0b002dbe810c56250e5134c28590c533284a8d014e6b7c99d,0x9e942e0f53b463bf
0xa095863d6d3b93857dac21911de839f625188cf35f920765c5fdb0b89f565545,0x9c91ea1fd2b2a4ca
0xa300cdfbca89b02cf7de6c20ac7d06bc41826380249fbdbcb383a9d2e5800891,0x1513bed73f93cda3
0xe9a3327693605ce199a9222bf0e033c3576b01bba17a2fa7cd2123116d9372d2,0xbe24f12b54f464a7
0xfcd41b6f4f66ab3454d1e8bac5436d2fd99fcb6d44d6bdf6437e15e5eb790414,0xedf8dd42acd5c22d
0xbd39d4988b644af5aab81fcccd57a5dcd7dda9e062dd7fb05d2c6b6922685e76,0x3ececafcbd0e3bec
0x64e0001fb55da1624af04bdf07770ec544dfbe320c321d982dea1be3ab2b5b10,0x0c0cd757b5f8d238
0x5fda999e6889f6a1a3ff28a1fde2be6fcd2c6a0feec6ebe8825c0872933953e6,0x1b5d044571b5405b
0x02dfcee29ac29d0be0af28ce2f821c7d56903a2ec21acb5f68402c838fafe1f5,0x98bc24383c85f455
0x38d7e6d066b62e67c49a6ac9917aa054d5d33f7893c3135d6d6f8beaa7dd526d,0x1832541ffb2ccc33
0x53533629b7daed2652eef3bbe2daf408fe3c118755e84e08d11d1fdf90029c65,0xb937339c698f7143
0x5a43c9ab21586911234661311bfdf64e25ac7ec0e97258100d16c728ff000d76,0x79889903fac14241
0x0a979919fd0fc4fcd766eeac42120238ee7cf10aa2d1fbe30e48ee2b0e6258c4,0x58492c2145c97968
0x8df27c4bb9c16b73ce8946b69fd372d5c79e8a35cc7c608746c58740ed4255f9,0xef8cbd5c89e39b75
0xf45400a3fddfe000cfd115a9e50be942da63474a2498f17eede2e3723fa71302,0x9c8796c04c263a8a
0xa0cc7e9380d98ec6bde16f1dccaf5b06232d75adaf5e5648faf96c15d1c27f1a,0x309629ff96ebd929
0x55e18de877dc7f6891a70f8330c34620d613581fafe991859566cb833d02a094,0xf5c4403a3840a638
0xccaf0cbec524ba297b91107507c649c4b56612cc6a1834535bbb36247b2b0a1d,0x39e3d27e6b88aa7f
0x3161382d447621ade14080f54a981660ced78acc1dc15d3dfadd1d001ecfbded,0xfbe47aec916b8e76
0xb7fa1fb9af82c4a647bc20eab1f3a73efc5272fc2805dee0941bf2afb8b71824,0x38cd49f5bbad3cf2
0x34d28e2040a57bff0f235f1f62d57b3efe26180e1f4d158e4a174f37006e516a,0x5d2d3b1890dbaa71
0x6edc1e2d8e94221e06eff843fa4c7a4c241d74c5579d69e2763e5e877a4e2818,0x52e4f5ce0fd3024e
0x7bc5b2826c1a20ec3dae9af6cc31bb63e53e4a722204ee9339abae1002a40d2b,0xbe7a0f334271a130
0xde4153f5b7a1896d7f1c3ebb80d470d804a998e94ccb7847c830224aaaf23d55,0x051e750d604ce91d
0xff02b554e187ae2526f1880d7ebdec99efb5cd726f28ad63bd5b611920bba0e6,0x316ee36cf40d9fcc
0xa0a6be59d0ad1810ee77dcc91e0b3747ac844b44cef36d062a9fdbcbccfec27a,0xa3c9878f6a41caad
0xa0615bad6ea45fd253103fe5ab2d6f371d8d07dda49532d740b21a17dab9f765,0xe1d11f611c14c9f4
0xdb5f3a47408ffe70a5a263da6de281b311b9410356df29cde2b5469cbb7acc72,0x1fb8b0060ea45791
0x8a75ed16e0ef36cb3b4283da54bc4d9ab5c22fcf21eea33b68e4d7de5969c0f7,0x91eff6721ea98be3
0xf95ba8c8eee4afc8e9c188c213b07cfc19695e2b1cf3821b6057c0090669c279,0x5304dfb14a4bae94
0x89a6e61d19da2b3f69e45d7e268c36ad267cea512fa70f459d7781e44107f7c0,0xc7914b589b9377fa
0x0287ec879a97789a15539c7b3296953275b69c9b1274ce91df6029f2722cab55,0xf39db7a30d4db4fe
0x6075a8652163a58599335794548d8e086bba51efc1634acbae5a1eb39ab8f566,0x437d2de042baf34b
0x3c0e3af19d6ae1d49c882e62946c286bdea4656a9b0230401a28aaabc43b8382,0x4fcd64afdd9fa734
0x14709903a2bc6fd90ebd5545a946dbeaafee2b79097ca37554d1cdd3ced98705,0xdf32ef4bc2c3bf9b
0x62ed28e624238cdfc43f7667dd6313d26ea66e13f7ca77b17e97dfe208d8945c,0x1f86080a249726d6
0x70b099c9ca497b3d510937e77369ee7c0b8a45bfb7d5f93f36c304d33b71050e,0x474d7d22cb4d2515
0x1c448c920fd0822a61e886f60d2e9219875042c5b5a021185a5470720c5b7b93,0x306227d282944016
0xe0d44a294dc59f1b890cb79343f04da42da5e7797a776951e35ad9af4f49d7d1,0x2319b46734525b1d
0x4b061bf45ec66947f0cb3b6105dd07c1bb7dfeab1fd74cb079d72cabe3e1d0b4,0x693909c03a472048
0xec7add407fbee3767681ef7a0d8669909c6a47f198e987b68d678d2549a96a3e,0xf59f43e2982b107f
0xc3bfc02e52763aaca892e8680544567ff6d4707804aa28116971a194c28dedad,0x869c733f7084a1d4
0x98910c4f02dcb3464f49edc34886058a315a10c167fb0efc95c31186b0b1d10f,0x075922dba2c2b9ba
0xc951f93112e4e6e78c5fea0e89ff9cae516c9a3b6a9fdeda06083f428c3d0a7a,0xa74c2afbfa46e8f8
0xa568f45b8f214dd96bf2b2fc15e0ee9d7c09bd85c5db4d8d639df88e0a53009a,0xe29f2c5f07b2f41c
0x01b68bb22b18540b213b1a733827a2f0a7bb576ebaa8382d7260dfb509574c27,0xb067f90c19719b4a
0x78a1701b9c6a3cc9fd765ff55564462c9ac6149d7f797cb2c5b89b07efbea014,0xce13b689a3f253c8
0x3dd74e6ba048b528124d50c7eb3717c2ba71c6bfd88aed4700dd89a5fea71b49,0xed2a103c331d9d41
0x3569cc8a3428aff83e4ffc27664e735cf1633ec97c575329d6d63f1d319038ca,0x27624d4e5c888f4c
0x370d12b76b019fef90d4e8c19be60014a3a0da1c61e97c64aaf1c539931444ef,0x8628423ec0b8318b
0x7aed1ae1b9b132df147b67dbb340f45d8a64242340ee6fe7f574dbd67bd74d5c,0xa89e7a1accb8f1da
0x96aa6a1102333c3b09c6a4889b88e143581d54268d1707ad864db26d2b21498f,0x2ebd3ecfe41050ae
0x51b6d25a581b9b0f3a2db5fe9c4160461c6abf54b89010a40c5850caf83f2435,0x5a28ae041da817d1
0x7ef9611378f075075e87cbfdc083bf4b35910a269085ca75fc813f592f5e5ded,0x62059215e971764c
0x785bcbe09936ca0c281f91bfc21d5a9c8bb1b9408f52bc78cd2b3e3e6b3f4938,0x5902da8bb9bcc786
0x144100c4fa05dcd49b8cfaa847b57e130fd8a7c2cb6c8fbb7aa1e97eb4c7c94b,0x7c1a18dfa4be0aef
0x94f16b8170027dd60533c3223d83a63c0d349502cafd7eb5ab9b21059ca82085,0x7d7fc09e858fe0fc
0x960525c59a81bbecfd308dc2e565b1d495620faf15d293970b2bc10c88aa904a,0x7baf121d85f1bde4
0xeda1d9d37a50bb01c6cd94af65f66cafac901d9947654f5788b515cb70f7796e,0xd2a7eef4f01384f2
0x65ae192b81a33473fbb1d0fcb31e19cb8cdac8d0131b2560d54074d3cf5e8240,0xbfbcbebdc1ce4602
0x8158f4fcb24f78307a11c1b181de055bcead2ff346d3a837b72a3acc21b696e5,0x63b45193515ebd4f
0xe3d42a4648919a1ca2deec283e4de2b22f13ba6f7a99a0748f62187407a44934,0xbc800a8b72fa25ca
0x4b53507e4668eb5978ddbf62a8b25d2d248a356f8cc727e71058445a70233625,0x19783dfeac32f07c
0x8a32ed55f44e4d0323286524dec933787ad34d94fef38722d8fe69cca63c6076,0x284c5b92ec2892b1
0x24e6e1e3289ca7ba698ca66739b5245b59f1feb33279bed5c5da2c1b35286066,0x90de1903b78ec93d
0xfbb536e33e21ada4c39e327c0d7ce07dd016f378b7482ef071e8de2c24db1fc5,0xe450b6c16c56b28f
0xb413941e55bad9fe669e0b30082e6799e9cb089993144c21240fdde66960abbb,0x6e908166c702a964
0x5f0f2e730ed71ce4f46fae230d3cdd8fd78ef3437b452f4085b957a9f4d3edc7,0x89f8d770cec4a0e1
0x3680b0f8d3fda991faafaa03601d32af1107a59ad81a2b3c0446fe1443701cc1,0x15545309a443e6ff
0x06b353e8d87dbeae45c53c59635d9d4db9be9d66be887301149dc98eef71e3c4,0x1638f7e3f3131aa0
0x23094bc90b2e49beb65df03494c3844b4f3f0394b87a74bca2bf1ee6c19e737c,0xeb779580af51e9c0
0xee9583b19cc5e4860f377347f1742456e8a9229571469e2149715851d5f56c78,0x7c0cab8ef56b48c0
0xc15dcfda30cb70622c0a72f2e0eb83604eac5488a9fd1f955fed7ded2101351a,0x037ed2dc15906dd6
0x72028bd82d9b86a675c25248af57f0837a5730ee99163176f7c0de211d21288d,0x81e2dd966bebc832
0xc1d66c5c668f0faec994fa99c4adc0d23cf7704d9d941fa56720a0b37c55b633,0x91a6d82652eb7a41
0x410a0bac6180ceb21d0b5a1207fb15cab625899274f5283a9fa60ef88e481870,0x2b4c93afb9a0995d
0xf897dcea1a4c1c6a89d6485351844cbfbfb7c0dd6b7d410d279c4a15b09b3a03,0xcf21c28c37066596
0xd4b96852aedbb0739577284b92ad84b2d77bf773ce67f38c67adbea8693e2a78,0x4ca9ce2d0f54e84d
0xbda337876f12db3bc9b2d2943fa3b4946d535765de307fdb4a02350b95508ca3,0x8a3039b605932de0
0x85c7d3cceaaaeaef8831f0ecf9d68b0306e22b1103f8f4cd07f4e19673e6faf2,0x969045003a1c9b6c
0x93d807c192392c5be482ff809abb2ffc6bce788940208f7922430e83bc3375ad,0x4376b9ea6a860ebb
0x1b5e84823b1e4556f4699ed02f6fa15b49ee56f9953adaabde2c4269ce091394,0xc19e4c0ad0da2188
0xb27ca8e7015080e9a87c455b605a6f218dc545c8dbc53921a430c0193053fee2,0x41ca6c4f811ccc47
0xf9c9de1015b1bb4dc2b66a866bc4eb7edd866c33cb15bd00f493b886201ce68c,0x787b273e8513bc10
0x121128ad9eb963c8b917fb7edadfd641216ba5b7f76cde8353b90067b0fcd1ca,0x6a8809a49834ec2e
0x7a50e872c0dcf12b283f36133f90f424126d0044e3e143d72533e4b14ac85e66,0xec2067a9bdeebaf4
0x2d1356e4b6eadf0d2e11b47a192a7413d0c84073e55edbc5f84edc6c9d03af95,0xb3113c65895a84f4
0x298889d5e26c6f5d0b08ddade2240544b40f60c88806d83b30978377aeee1897,0xfd09cb761a46dac1
0xb87d7018a15610a4dd518121476cee636d4da639304dc7a965a6caf7a1201bc3,0x87afc1c75444657a
0xe2ffe3139e7d41c956455c9af39495ecd0b76eb89d80820aefaec08c18df3b3e,0xbd6f7ea66d95cbaa
0xa8eff737f7dbf9a5027f1f5ca7802554c5421a218763cd509e38b3a8a577f840,0x3d07d552472b400d
0x40b66aa17ae7909f9d9436b06a99dd1316d9096403ca2e0cb13c941168b6d3c3,0xaa58babd26a0be7b
0xe29dd3e2797391e282924bd621135c71cce9f88dcf532e71e892e6a971c32bc8,0x36f420adc804ee02
0xbec8d62c21b1cf1f7262fe87dadc5dbd22112c932b65794465376dcb69c05176,0xd82a74e8ef61f377
0x4b360c044038d384a7e75e2f0678543646d8e2277a319d27b8f2736362157425,0x00476c4075bfdf17
0xe6ad680f745bc2afc2f0991b4b5723010e78c27a6bc191a3925ebe12e85b730c,0x0f19ed87888a4150
0x8834f5a38ef0ccb063905d57fe5f9a7b05bef80427c27950d2dd64dd686a2775,0x996587405e2ffffd
0x2a875860ccafc12f034e0171c00f7351d050d5cbf9faaaea7e07279f7b7b5a4c,0xa6484fa19cca182e
0xb5fd9c0cef69fe018f3522d8aa96f7b02950b317973a021a6a8224ee233f8c5c,0x6e3464f9dc23e375
0xab7bcc87ceb592f7560c874bad02229a0f3e3f5656b9ed6832e4cba2cef10dab,0xef29b6694fb095c9
0x308d63609631fb25698c0abf00f493ff4134213e0bdb7168edcf607f4d37a047,0x4157083a0242ee33
0x2041a47267aed76d2f898ddbe0d228b7219d7766e84b1563ab92f0691b3fe2ff,0xc390642858b9c1b0
0x606e26f934ad6bac5e3ce4305976d483b5662da395c1b1004219bf884b5e48c9,0x128afecd254071dd
0xb9cd73ba6a448f3fe13c9a926d988de7d51837d9d295eec706605be019a1ca67,0x7d919515fca096cb
0x21be6c2f06f024fb30c231a034667a57ce53452bae93911ecddc71a25dcc19ad,0x7d17fd38a7bcc430
0x49be011feb239edcb55e50d863c7694628666e8f666ef42f33a1efb7ef7801be,0xec74e008a502ab7c
0x08454ae0d75e82eaa7ebf6b914ecc691e8d629f94eab25b039cc812c4429d6ed,0x62794b416bd528b3
0xa2e039ef27723516a40b77f8ea49fd43fb7b98835c31711af8dda60857afd2bc,0x6b78d75641c335f3
0x66306c1af70cc94feeecca6126791d190c24e35ce66dfd2eb9acfac93232b879,0xa109271c43bd4b3f
0x93a6d8b34766cb2d1ffa5547fbe022bffdd0ebf3e5b87ee071e833308740f296,0x8241fa6042999f74
0x166270000122c7318569a44225502e7ce9ba9903959bbf3abd8cf16f780bf93b,0x3299fab8416318a7
0x1d147561cab410be9f59ef8d92cc5dd1461faf0c5e73ddf2ef4b366aab2ab961,0x60ba3fd2411002bc
0xe0d96b4531e89e004491328a063560dcce183e0a05c74feea7dd4dd468210240,0xf70845b878cf633c
0x0d70afbaf4e15c27bae09d8f1af293ca525e3386bd2255e1756d2c88657d78c8,0x9dae4f403b781089
0x76f0543c487149c04f57c8ebfca606d57c3f356aa60c9dc4197bd528edde752c,0xaabb340a1cfaae33
0x18e0933ba9e9a4f0c4522a349f258ec31da10af77c8b81d295054bd44b462ef4,0x07e6b94b8c23f02c
0xcd6c78447c721c0799f28f0100dcd251394a4ea7d866604c32c3d50cbcd6dfdb,0x0ce7ea74e16a369c
0x8ae12edf5fe02f4c314967e74395df813b9892a7679a8001b6df699ace6b9535,0x69c2d3aee0eecb62
0x88b41848b638ad28241495227fbcf65a70de144d45ddec55e8d30d52397d518b,0x09bfd1013629a2e0
0x88fb1c4e67a454eabe180f9af9808b2104fb6ea3e4243204a68601c7df1e9491,0x6e206d2c4f551b9d
0x1fd95c0e6654ab516a935dccb3f5f0ddf49c1729645f5b6081621f49f2a98f04,0x8c0b40d24a09b3f5
0xb458cab8ce18551f8577a4db493e0213aaad5912337be482772ce04e862b800d,0x22eea870d88f68fd
0xa5a735da6f5e8ca921822b803313ecd367efbca7769e919704d3242cf1d04492,0x866eea9bee4a14df
0x395b5dd10e9937540c75d2ca5123d7d3bf875d0320359b73747f78db0c5d85ca,0xd420c07413314d2a
0xb230f1fcc05e0b27a346c4eb8f6255427ee730035428919bd2b9dd38d24588d4,0x54c1926834ecc6cb
0x15d232dc79c557969380da3fa594e7f44066f8196d6409565b26d3002c24fdb5,0x1180d2a09c3a7b10
0x634ac1de266ea08d1154650e4e763eabe11cd764785bf127b02ee85f87c9a838,0x65f244333215582a
0x444c08576d2d857f1c4768aaff53e47610fd070cd42d8323ff06a83f77e36532,0xe4ea9f88907259b3
0x440398b8afd251c6778c7bf03ce0837b6bf0d15440ebf79b47b08174808a3a7e,0x7534d218bb2b6fcb
0x872baa5ba42f03bdec8f605e5084c7233ff5a32b2e4dfebebb1cf1e40fcd968c,0x37bed296ff4aa5f7
0x1f909e065aafda834df5df4537af822d4abd10ead7bd595927ce44f62fc97747,0x77a4cc5995460a05
0x6ab76b810eb3edde9cda9a9609dfad07dc916a87adf5de7222c7091d9da2f267,0xddb21621f5dfd37d
0xf7b02b3844c44b8de5090f7159922c52612d4bc6e08db0c3295ef9a88dba73f3,0x9d88acc05d8007c9
0x8f4917cebb2afac666991189cc0112e8ec7e20110fdb2cd0111c07f9bdaa2937,0xfa952d7b8694992f
0x0a965fc1736ea3b4e8c095f35df4dec488f4c9230566239df61751a58934b35c,0xc0fd4f215e72e743
0x3d62169c5f6ce45399e803e9364031d886f04bf8c597ff864f346edc66307aaf,0x3712bb56ae16d8f3
0xf72d7ef7282ffbef5dde18f939136aa9f2d11fe205ccbaba676b07acc64a2404,0x373de1f2c60d4e1d
0x9869c99684ce473b3d4b176e4282da49f4d05e72d962e4aaaa44012e0deff571,0x8a25c1beb275197d
0xd1119518d9a91da6938174653521854047aa72b4198ce925f37a9f46558f176e,0x62bb71a663173dda
0x2d842fe8bcbd3bba6f81e45103b8367ff2e4a9ae8714c0c6ab590259d62c1b78,0x41b040c02270dc44
0x856cdad6061fb6b49729987999ee4f5d08e45a49f86a822d4465735612537d69,0x4a1c6f322c005288
0x07e791e004245044329d98d9c3f10c12b1d1e3047f0f184960da12a82848619b,0xa6e5adc613d94727
0x3b93d1874a99e12b14afaf6bfbd795638389edea8bf0e9a8bec00eafc03ca09c,0x1a8e1b551a9b5344
0xab20a21807000cd60de615386a634181699c6856fd931a250f232f4d05398aa8,0x7b5c9b8f788b0e59
0x669631b1dc5762f59cd01e17a03a3bc8409f8d984f677c5dffc243b025639de3,0x89578197d305da8b
0x55a5e2347b29f9ddae3859cf3668a8ca2d5353f8eb9953c077056868a94f9a68,0xa942a2ca79cafcbe
0x44862dec0cd9be4103ab0afbd296ff15d58981708d12235e93b989af7c515dbb,0x07ad99a74138e5b3
0x7951c37fd484589f037d203af16dd55db037f77ec4fd5093677c5931ad385a1b,0x9634dcb6b21dabf9
0xa301eee6ef2f9627785c48df6b89009a81c0927eb1a2a7cc9830f19023e554be,0x85298dbcf04f894f
0xeee16bd30a75c9d24021f8a9d1f9e8a6149ea2c27f07563b6b2459370141684f,0x655c1bb5ea1ab13c
0x4bf6c37fb5566125404d7b170e1c7594530cb88f602fa1c5704f90c8a33feb1b,0x329d57ec814e1df5
0x561553b1e01b9677d9ba7f4a4ff48a7cdddcbaa14d81e62508d86d75d545f06f,0x00f97e11f6e8f195
0xa58afff5d0a3f3be5746f70e439bcd90e08587929c4251be1d8f12ac01b795b3,0xcb18ae11349573c5
0xc1b61e3f4df989e1f347a7bf71a258a8041c931825833e360f825b5f537ba33c,0x56a597507e02eeb6
0xe6a269f690f3d052918ab8141e0904a63e77096ba99fb0f037fa064c39af3531,0xe92e68b461edddce
0x1f3edff703b9f03292150a5b6fea19875505792d0a68e20a6b913b7d6fa1e4cf,0x93791cab523dd150
0x31f979505b79c3a9bd375b43db7af1d04e2105c3430829dd77f2e8b040249c05,0xa038c967b8095496
0x5000d8020b824a18416cd0d9d3fb9d82d160f80aabb9f501b71b3fd3f514f544,0x3c8d20646d8f1544
0x220b7937baee193a6e241c34d21f2c83c2ce038294fdee5fef970ecac9eea83f,0xd0afea43928f5b0a
0x9bb50c6f0b9b2ab2e8be5722775149e64e26afd3713590e5d132d48007ab1a3f,0xdff19e164cae7a1f
0xdbae4d4425be09c9aac36a6aea84174647054b83e1ec0e4cc058cd0af18f77f1,0xa0e162be5be6e92b
0xddb459570be77e0ee9c4d1c12a057ff7a1edc4b44128fbaa4e43022a9a869752,0x5437cc3da500242a
0xb622176fb5c6fa10dce6bc5f0223fa2102d171425f5e887b76e829a44d9dc02c,0x62c9191ad26459cb
0xf728d24a5dc592897dca3b0ec950aaa2a290ca37779cdb667361911f1f295250,0x288e5e12f8a4b13e
0xa19b282ed1bc5b37823a2da34653e8f38c9840a1f00f9dec6aed50be51389c15,0xdad64a53c4d2879a
0x4b734f01abbf1bb83abb9a212e1e4b23d3bca9f5bc3366eea88a5fee0a552a06,0x217a60dad17d3efa
0x962bbe7ef3bb1502dbcaad4ff390a296124ed747e3639f02237f38a5a7a2bed6,0x64ebdf7b5afab015
0x2f0d8faad85573e6634f59dd6beb2629f1e9b5125a555fae711955b6deb33c1a,0x1f46908ee9f05aec
0x0f2accb1f156c00e56e835ad7c4dae2b44159369561a7a4726f3b0928e4d13dc,0x165f441d252e684f
0x65e35fee680ce51651b3ca456119c3ff963b1cdf5fd95f56ac3d533944c53ee4,0x3501faaa9d3a9679
0x7542dda4e4829f959bdb533090dec7818e916aec326dbf4287430ba70615d2f4,0xb4e12c5f988d8bbe
0xc7a15a83c7552d705c11ead52689992555813e3abccfae622efab7015468e057,0x4130e3aacd7db848
0x4be38fa8eca2105417a79a03677c410f72a9d84076c894341c974d2d1802671f,0x2887a4fd3b879abe
0x9c2f4db025bb02dc7cdd29360bc5f8f8e4be332ad21e6ba6e86a1ec30e7c17c0,0x0914ed51be018e5c
0xde635fef72c3b6989a8e35c8d6f76aeae9ec64bd530b71d348a34b9550abd6f7,0x3b6898f698bdf816
0x246424c9762e63e15c869899357716b6957a0536455a936bf3ba788bbaf3e11d,0x5f46e998a8b21e4d
0xbbc750e37538698e92fc68b73122312976a826256f6d35fac00ed1304fcd84dd,0x8b302288ac87be17
0x2f8575cea61eba06f15a5cc7bcbd209e790877976233240924fe64d3707a049a,0x5b9f3c0138a014cf
0x51bbae5fcce85b7617d64ee75bbf442e05f1f9403c413da13a68b9e88b969479,0x9d180b374b6ec0bb
0xe0a7ec2eec21fc83cc44f6a669a1bae0dd680d4f990efb4cd2cb03c3249d7f88,0xff6f2542c29615cd
0x443208170ed1a704770af736af402b77c0d4d32696adba4408221b808de7ddb2,0x24f3b3077edfe501
0x7e6f43a3dfee125c718db666588d3c06a70b7f595ee531375e2f310d93efdd08,0x9d28c66df2523d44
0x9625f44e95400888efb5953ae59b3aa62a0e18db5ba83cc32f55a49f4e2a4b50,0x06605dddd59b2342
0xdfcc97fd286628300b0d6394bf80119fabf15bbd8f8bae382bcebc6ea525b0b8,0x7881e864f5d3efc1
0xc8ba6016372022f1dcdb6ed6028212269f5bbdb862c1a6baa361e987b788ee1c,0x0958fec127150838
0xa2b30db72924b74fcf1fcb0f002d0f76d42c196bd51350c7a0058d5a8882be7d,0xf2fa9decf06676ee
0x512c68f64c26da99bd308243771f7265845e671234024c100df22e3b3cb9a815,0x7a3b7a1a08f2ea4e
0x24474800cabaadf231981de87a8746e4fa81161b561dd87cfdac4b589d970c72,0xeb32907e20077d12
0x1fba24c9939a76bdc6e014d731678e076af00c475650fb61daff0feba0043b48,0x624bbbc19413bd13
0x3d77e326f06fffd81e66005e1e9807dc9e59105d3cb3c6fed976ad5d09679320,0xa75284b7d05e62ce
0x11a36e124a6cc206837eff6b75b5bd8ce887250314fb4e179cc85852f0c518a6,0x549550d41bdfe9d6
0xd9a0bb4ac963fe5748d6c0840c14df047c850477426d3b141c300a18aa2e15f3,0xd6f585d94fe24fb7
0xb38434e55cc7fea085ab907f270b8b2e75929c448df03d26660ee33199eed81c,0x277442630e282f20
0xfbade21e682fa1ce01e1225a29f0a3ff2f381633b5b678bb092820df5ea671d1,0x865c967a97fbcdd5
0xfed7eb858c49818b9d5b527f5b4fb459103552317b8b248282defb6201ad40b1,0x8de4c022a2513495
0x55a01efa45f9878c63b7bdfdcf4e31fcbe5b0162f151136ebad9fa4668f5a3cb,0xb50fe5f37647df81
0xe9b81fb99fd2d241278594326ba8d13c3a59eb0dcc622c792e0f113228a69301,0x328f7890884681e7
0x8f2ea7edd513e8823f54a0a288e1211df85236f26d8f6e64c6e8e9a02077dcd3,0x7c2c5407a99de04c
0xaf0ab53732f8abfa012643eea3b064bb4bffaa2fe8897e2d0f31eba21d89a29c,0xa005a6c5dbfb5069
0xc579d1a5a35b4c74d1af5c712b7b48e29ac7be6ec0de85e8a68796a6bbb7c712,0x561988f1a11dd2e0
0xf3eb0978284287358b5118428770842e188d28c66926c2f06011bc6e6f6ac067,0x8ffa7fb987210bf2
0x8e6b8027ed99d53c6d2d70f0b9f58ed5c865b1e429e86260aa09444d3138a5b2,0xa7db49a06a721731
0x7a07f84f7f108949a1bfc2448a6227eaf759c29ff4c5195dae4be9974105ec64,0x5a01c243fa62d6c5
0xf9ae89a00a56fe9325785747567a5e382d90f2b6d8b67700ef6b57a645f6a459,0xd513d35159c394b3
0x00e76c9a9755e2f447dd9506d4fd558d09d39ffb1207bf3f24e310a37b1a3ac9,0x70461c9471496047
0x8c6708d84b5e9aa0bae5d897ce8b6fc88a51f64540e557ee4c1ea4e20ff9a74e,0x03933f1891283aea
0xf3a7ad189c6fc6bed8b29c4c019b5f3e9ba47b40d64ee91d8c71a6e9213e5e7a,0x1e02aefa2e33a117
0x45457138b42cf8bf5e2f4f6912d7dd6c11f2ec7768dd75efd2f53d9b25056c9a,0x0d3107a7410083e6
0x57d164d5ae0326f063aff1b1ddb749511321b6660843809366271ee625c8c9d4,0xfc89777730d6a597
0x61cfa59dd07e993d3752ebea5eae9eb1d014709338d2c7d1ca35f37a9c67c2fb,0x041f3daa7fd73e37
0x625515a95d1cef2b4e9019a6088792eabcc9d6617819aa5249041bd4b8e77c30,0x1bff5fb9fb039dcb
0x0d7c24cd19aed6b7c5930e5a8d8e764b03f46f546cf36ea03cca78aff9906b23,0xb1e4e0585abc5b8d
0xf93f2d3d72f37dea410995134e0092d4e3c7169b7c2d0e660c8b4ef4848d0702,0xdddc7c72e915e00d
0x1c4012d4a3004ffa26a5469d520dcefb5224e09db1f86caafea1af2d3dd78f4e,0xa8bb59184ff6a15c
0x5190b3a904bfb6da54126a7c1aa0fc7f9ee8a747581f1ddcbd9e359cc5636ac9,0x6466466b52a41f5f
0x0f45fbb3e9e31e0237a790ddeddc811616b58de8a1316c31f68ef1264336bd15,0xa150a44fc9aea87c
0xaffac6c792b8ee98381702400995aa0a5a89ae7277fe060d83e1109a83f28890,0xae92150c99977c4a
0x9fdb73c0690a3f57fbe3898429b2d3d28c1d592ba0e2dab73d97da5e82d0d0f6,0xde14224dc470550f
0x87b20cfe59bd80c8e14520bd08f977f75e3921533c15f17d170d0f37fe63106b,0x7c4e503703dc96c5
0x09523794cead0517c06b214262be0369292559de1ed06f73bd45376ace2d54ae,0xd3452b373d5156bf
0x9a6d91f416ad4b579e3ccc3e2b661be76a876d485079e9e7b72467890935f740,0x77731ed0fe5edab9
0xa7e691b12e382e20ed5192fcc517555912f62ae854518c5bb9e43e3f4872769e,0x639bc2072624aeb3
0xdbea360b4e72255e2cadd11c6f65fdcbc0007bb54f63dee0bae043e14d4b2743,0x5b936af315f38321
0x7e5cf401c9bf47557465ab736572400cec16fb65fe1c20175be9b14615466f93,0xc1a18d72ef044ac6
0xc0795bc17b188de971ed4c54c85463c47fd6eeb279e42e8e231ac0de13eca8a2,0xab52b00520fd7bb9
0xb8382f194f6821694cae8c7d6e0eaac349f5eb82fee6a47c87454b3341d59f99,0xb1e761c011c123f9
0xb653e91276125ee2e540ab2ad069f0b078536d48e24a2ecefa7e9d5825006ae4,0xd1b0b90bbfeb32f7
0x348fad2ef4f2ca39e26f7e6a81f8e2214978e95cfe2535c0cb0fb60d9fdc2578,0x565756b53cccfe63
0xa52fd63f1f178c303889c9d10fbf07dba3dfbac9f44f1be5bec315e7ca7b2954,0x05352645856af7fe
0x21f5b19b140827df7fb1b71f0b11c99f525429eef178ca805e80772d513d78b4,0x3a6be85b3d6ab477
0xa8bb594fbf61bc4264199dd8019593a7c0dfac95a0a288252dafe69e055b0e35,0xe6b7c68beca99c37
0x69af7fba3b502ec4a1dd41074e70a1f1a047d5602f993cd4243eb2ce8da078d3,0xc2c92902f029958d
0x7319ca13c59b7aa006bdfdfea7dba7ab60df1cf9b718b4eab4c091f3705b8f67,0xa539ad544e30c755
0x8c8ded8a555f87534338f191cb4a44b544bede943ad55e798cc1fb34edf58bba,0x37e26729f9633394
0x033849f235caf27598db60c27bd1ce90ed9f56a1f7ac1bd46de02fc824e916e1,0x5dd77d9e792714d4
0xc81272a441e2a6271ca1d5919bde32b7a3a3ea6d8d7428c2f9dc5ca38cd4a1d2,0xa906e5ea5d956e58
0x7d486c8c06d0016642c88f037a0f65a43e8e6dd5dce1e2b55aea427fd754094e,0x365ca5cff500ebde
0x37cd1139ea432e58f7d6fec334d2817829d669779f8c9a67ce1114e999b89519,0x4c97b8a6cf0372e5
0x4ba6ddcc7d5580973d1b8248ccae06b42140dd9ba4b0e8876d8f1de3fa077915,0x9546659efbb0f204
0x4d5897f7f61322ac7b962ea44f6336794b7d521ec68f78c41474a4e5e2cbd0ff,0x3a4f39d063565431
0x34e2ccac892e475154d6899693a0aa60e34cddfa6ae88650f2a2180552e3e97d,0xd37f657249d26907
0xddd8b1e4904c07278a8f7f7b16a6f2fdd52c3bb62b391770a994f0f834d80318,0x05afcd00cca9b3ba
0x2532df0871a6e437504bd3187e303ce499da973d9203dec58d521c2fdf608ce9,0xe42de79d60c30f0e
0x282bab35bda7efae0ac2c1d0e789d70d94c2fd55154f4f41854897e56a39a491,0xbb1164691f69ef7e
0xa760125e9b1c86546ca09f36723bc5d47d931404712bc31cf08038517d3f4702,0x72aff8f53483ad96
0x69609951df82132256d0ac63f6e845bfd796825562e1485c6dbe14b9e7ea67c7,0x37adcaf0d38e9e69
0x0b8d4fa4cd156c42716f85e54c98fa976a38f188c4712424a5d06dc9530292d9,0xacb337999a145c60
0x20b4688ce46e8d1247f977105c7476d65fb844954da7b0cacd87ee83f09c6697,0x72ecc0cef3e216f4
0xdc622f47607464293df30121b279be53f8a445936fc970dfaf6a396229d22f55,0xbe62b6ef37612ea7
0x9b34af25371a801ce5c1f6b554dc592ecb04b4b9e363d4df7083d841f0af274a,0x1e7e5eb0199df5cf
0x8ce98744e02b1d9c27246d6f27c5c43864f117897787a7c5b18ec821746a4dca,0x4f70ba4873952329
0x0f49dce42902e15b8d9b034c9b55e5305c5e1c9c8c9606e9de6d068fd6f2a374,0x123d29d99102eaa8
0x8fd05ba22bc231986e33fb2e6c0e74a837591b4025fc4cf455dd02606e1e5883,0x4c3fe8850ae7ac8a
0x4f4203d84fbeb471894361c1a221b841f7541e50227f5d2dd25a7fd9321c7820,0xfda7c6389b400264
0x6680e5e5d66432e74c2431a7e7147000a4b48174ae10390e86d981489951aae0,0x0517575ca615dd6f
0x6cc9f4bdc144f62af57480e58d8fe7fb8b2bd6aa9f4570097f7c98b0008c039f,0xf5391b85e9fa6c1e
